county_fips,media_market
01001,"Montgomery-Selma, AL"
01003,"Mobile, AL-Pensacola (Ft. Walton Beach), FL"
01005,"Columbus, GA"
01007,"Birmingham (Anniston and Tuscaloosa), AL"
01009,"Birmingham (Anniston and Tuscaloosa), AL"
01011,"Montgomery-Selma, AL"
01013,"Montgomery-Selma, AL"
01015,"Birmingham (Anniston and Tuscaloosa), AL"
01017,"Columbus, GA"
01019,"Birmingham (Anniston and Tuscaloosa), AL"
01021,"Birmingham (Anniston and Tuscaloosa), AL"
01023,"Meridian, MS"
01025,"Mobile, AL-Pensacola (Ft. Walton Beach), FL"
01027,"Birmingham (Anniston and Tuscaloosa), AL"
01029,"Atlanta, GA"
01031,"Dothan, AL"
01033,"Huntsville-Decatur (Florence), AL"
01035,"Mobile, AL-Pensacola (Ft. Walton Beach), FL"
01037,"Montgomery-Selma, AL"
01039,"Montgomery-Selma, AL"
01041,"Montgomery-Selma, AL"
01043,"Birmingham (Anniston and Tuscaloosa), AL"
01045,"Dothan, AL"
01047,"Montgomery-Selma, AL"
01049,"Huntsville-Decatur (Florence), AL"
01051,"Montgomery-Selma, AL"
01053,"Mobile, AL-Pensacola (Ft. Walton Beach), FL"
01055,"Birmingham (Anniston and Tuscaloosa), AL"
01057,"Birmingham (Anniston and Tuscaloosa), AL"
01059,"Huntsville-Decatur (Florence), AL"
01061,"Dothan, AL"
01063,"Birmingham (Anniston and Tuscaloosa), AL"
01065,"Birmingham (Anniston and Tuscaloosa), AL"
01067,"Dothan, AL"
01069,"Dothan, AL"
01071,"Huntsville-Decatur (Florence), AL"
01073,"Birmingham (Anniston and Tuscaloosa), AL"
01075,"Columbus-Tupelo-West Point, MS"
01077,"Huntsville-Decatur (Florence), AL"
01079,"Huntsville-Decatur (Florence), AL"
01081,"Columbus, GA"
01083,"Huntsville-Decatur (Florence), AL"
01085,"Montgomery-Selma, AL"
01087,"Montgomery-Selma, AL"
01089,"Huntsville-Decatur (Florence), AL"
01091,"Montgomery-Selma, AL"
01093,"Birmingham (Anniston and Tuscaloosa), AL"
01095,"Huntsville-Decatur (Florence), AL"
01097,"Mobile, AL-Pensacola (Ft. Walton Beach), FL"
01099,"Mobile, AL-Pensacola (Ft. Walton Beach), FL"
01101,"Montgomery-Selma, AL"
01103,"Huntsville-Decatur (Florence), AL"
01105,"Montgomery-Selma, AL"
01107,"Birmingham (Anniston and Tuscaloosa), AL"
01109,"Montgomery-Selma, AL"
01111,"Atlanta, GA"
01113,"Columbus, GA"
01115,"Birmingham (Anniston and Tuscaloosa), AL"
01117,"Birmingham (Anniston and Tuscaloosa), AL"
01119,"Meridian, MS"
01121,"Birmingham (Anniston and Tuscaloosa), AL"
01123,"Montgomery-Selma, AL"
01125,"Birmingham (Anniston and Tuscaloosa), AL"
01127,"Birmingham (Anniston and Tuscaloosa), AL"
01129,"Mobile, AL-Pensacola (Ft. Walton Beach), FL"
01131,"Montgomery-Selma, AL"
01133,"Birmingham (Anniston and Tuscaloosa), AL"
04001,"Albuquerque-Santa Fe, NM"
04003,"Tucson (Sierra Vista), AZ"
04005,"Phoenix, AZ"
04007,"Phoenix, AZ"
04009,"Phoenix, AZ"
04011,"Phoenix, AZ"
04012,"Phoenix, AZ"
04013,"Phoenix, AZ"
04015,"Phoenix, AZ"
04017,"Phoenix, AZ"
04019,"Tucson (Sierra Vista), AZ"
04021,"Phoenix, AZ"
04023,"Tucson (Sierra Vista), AZ"
04025,"Phoenix, AZ"
04027,"Yuma, AZ-El Centro, CA"
05001,"Little Rock-Pine Bluff, AR"
05003,"Monroe, LA-El Dorado, AR"
05005,"Springfield, MO"
05007,"Ft. Smith-Fayetteville-Springdale-Rogers, AR"
05009,"Springfield, MO"
05011,"Little Rock-Pine Bluff, AR"
05013,"Little Rock-Pine Bluff, AR"
05015,"Springfield, MO"
05017,"Greenwood-Greenville, MS"
05019,"Little Rock-Pine Bluff, AR"
05021,"Jonesboro, AR"
05023,"Little Rock-Pine Bluff, AR"
05025,"Little Rock-Pine Bluff, AR"
05027,"Shreveport, LA"
05029,"Little Rock-Pine Bluff, AR"
05031,"Jonesboro, AR"
05033,"Ft. Smith-Fayetteville-Springdale-Rogers, AR"
05035,"Memphis, TN"
05037,"Memphis, TN"
05039,"Little Rock-Pine Bluff, AR"
05041,"Little Rock-Pine Bluff, AR"
05043,"Little Rock-Pine Bluff, AR"
05045,"Little Rock-Pine Bluff, AR"
05047,"Ft. Smith-Fayetteville-Springdale-Rogers, AR"
05049,"Springfield, MO"
05051,"Little Rock-Pine Bluff, AR"
05053,"Little Rock-Pine Bluff, AR"
05055,"Jonesboro, AR"
05057,"Shreveport, LA"
05059,"Little Rock-Pine Bluff, AR"
05061,"Shreveport, LA"
05063,"Little Rock-Pine Bluff, AR"
05065,"Jonesboro, AR"
05067,"Little Rock-Pine Bluff, AR"
05069,"Little Rock-Pine Bluff, AR"
05071,"Little Rock-Pine Bluff, AR"
05073,"Shreveport, LA"
05075,"Jonesboro, AR"
05077,"Memphis, TN"
05079,"Little Rock-Pine Bluff, AR"
05081,"Shreveport, LA"
05083,"Ft. Smith-Fayetteville-Springdale-Rogers, AR"
05085,"Little Rock-Pine Bluff, AR"
05087,"Ft. Smith-Fayetteville-Springdale-Rogers, AR"
05089,"Springfield, MO"
05091,"Shreveport, LA"
05093,"Memphis, TN"
05095,"Little Rock-Pine Bluff, AR"
05097,"Little Rock-Pine Bluff, AR"
05099,"Shreveport, LA"
05101,"Springfield, MO"
05103,"Little Rock-Pine Bluff, AR"
05105,"Little Rock-Pine Bluff, AR"
05107,"Memphis, TN"
05109,"Little Rock-Pine Bluff, AR"
05111,"Memphis, TN"
05113,"Little Rock-Pine Bluff, AR"
05115,"Little Rock-Pine Bluff, AR"
05117,"Little Rock-Pine Bluff, AR"
05119,"Little Rock-Pine Bluff, AR"
05121,"Jonesboro, AR"
05123,"Memphis, TN"
05125,"Little Rock-Pine Bluff, AR"
05127,"Ft. Smith-Fayetteville-Springdale-Rogers, AR"
05129,"Little Rock-Pine Bluff, AR"
05131,"Ft. Smith-Fayetteville-Springdale-Rogers, AR"
05133,"Shreveport, LA"
05135,"Jonesboro, AR"
05137,"Little Rock-Pine Bluff, AR"
05139,"Monroe, LA-El Dorado, AR"
05141,"Little Rock-Pine Bluff, AR"
05143,"Ft. Smith-Fayetteville-Springdale-Rogers, AR"
05145,"Little Rock-Pine Bluff, AR"
05147,"Little Rock-Pine Bluff, AR"
05149,"Little Rock-Pine Bluff, AR"
06001,"San Francisco-Oakland-San Jose, CA"
06003,"Reno, NV"
06005,"Sacramento-Stockton-Modesto, CA"
06007,"Chico-Redding, CA"
06009,"Sacramento-Stockton-Modesto, CA"
06011,"Sacramento-Stockton-Modesto, CA"
06013,"San Francisco-Oakland-San Jose, CA"
06015,"Eureka, CA"
06017,"Sacramento-Stockton-Modesto, CA"
06019,"Fresno-Visalia, CA"
06021,"Chico-Redding, CA"
06023,"Eureka, CA"
06025,"Yuma, AZ-El Centro, CA"
06027,"Los Angeles, CA"
06029,"Bakersfield, CA"
06031,"Fresno-Visalia, CA"
06033,"San Francisco-Oakland-San Jose, CA"
06035,"Reno, NV"
06037,"Los Angeles, CA"
06039,"Fresno-Visalia, CA"
06041,"San Francisco-Oakland-San Jose, CA"
06043,"Fresno-Visalia, CA"
06045,"San Francisco-Oakland-San Jose, CA"
06047,"Fresno-Visalia, CA"
06049,"Medford-Klamath Falls, OR"
06051,"Reno, NV"
06053,"Monterey-Salinas, CA"
06055,"San Francisco-Oakland-San Jose, CA"
06057,"Sacramento-Stockton-Modesto, CA"
06059,"Los Angeles, CA"
06061,"Sacramento-Stockton-Modesto, CA"
06063,"Sacramento-Stockton-Modesto, CA"
06065,"Palm Springs, CA"
06067,"Sacramento-Stockton-Modesto, CA"
06069,"Monterey-Salinas, CA"
06071,"Los Angeles, CA"
06073,"San Diego, CA"
06075,"San Francisco-Oakland-San Jose, CA"
06077,"Sacramento-Stockton-Modesto, CA"
06079,"Santa Barbara-Santa Maria-San Luis Obispo, CA"
06081,"San Francisco-Oakland-San Jose, CA"
06083,"Santa Barbara-Santa Maria-San Luis Obispo, CA"
06085,"San Francisco-Oakland-San Jose, CA"
06087,"Monterey-Salinas, CA"
06089,"Chico-Redding, CA"
06091,"Sacramento-Stockton-Modesto, CA"
06093,"Medford-Klamath Falls, OR"
06095,"San Francisco-Oakland-San Jose, CA"
06097,"San Francisco-Oakland-San Jose, CA"
06099,"Sacramento-Stockton-Modesto, CA"
06101,"Sacramento-Stockton-Modesto, CA"
06103,"Chico-Redding, CA"
06105,"Chico-Redding, CA"
06107,"Fresno-Visalia, CA"
06109,"Sacramento-Stockton-Modesto, CA"
06111,"Los Angeles, CA"
06113,"Sacramento-Stockton-Modesto, CA"
06115,"Sacramento-Stockton-Modesto, CA"
08001,"Denver, CO"
08003,"Denver, CO"
08005,"Denver, CO"
08007,"Denver, CO"
08009,"Colorado Springs-Pueblo, CO"
08011,"Colorado Springs-Pueblo, CO"
08013,"Denver, CO"
08014,"Denver, CO"
08015,"Denver, CO"
08017,"Colorado Springs-Pueblo, CO"
08019,"Denver, CO"
08021,"Denver, CO"
08023,"Albuquerque-Santa Fe, NM"
08025,"Colorado Springs-Pueblo, CO"
08027,"Denver, CO"
08029,"Denver, CO"
08031,"Denver, CO"
08033,"Grand Junction-Montrose, CO"
08035,"Denver, CO"
08037,"Denver, CO"
08039,"Denver, CO"
08041,"Colorado Springs-Pueblo, CO"
08043,"Colorado Springs-Pueblo, CO"
08045,"Denver, CO"
08047,"Denver, CO"
08049,"Denver, CO"
08051,"Denver, CO"
08053,"Denver, CO"
08055,"Colorado Springs-Pueblo, CO"
08057,"Denver, CO"
08059,"Denver, CO"
08061,"Colorado Springs-Pueblo, CO"
08063,"Denver, CO"
08065,"Denver, CO"
08067,"Albuquerque-Santa Fe, NM"
08069,"Denver, CO"
08071,"Colorado Springs-Pueblo, CO"
08073,"Denver, CO"
08075,"Denver, CO"
08077,"Grand Junction-Montrose, CO"
08079,"Denver, CO"
08081,"Denver, CO"
08083,"Albuquerque-Santa Fe, NM"
08085,"Grand Junction-Montrose, CO"
08087,"Denver, CO"
08089,"Colorado Springs-Pueblo, CO"
08091,"Denver, CO"
08093,"Denver, CO"
08095,"Denver, CO"
08097,"Denver, CO"
08099,"Denver, CO"
08101,"Colorado Springs-Pueblo, CO"
08103,"Denver, CO"
08105,"Denver, CO"
08107,"Denver, CO"
08109,"Denver, CO"
08111,"Denver, CO"
08113,"Denver, CO"
08115,"Denver, CO"
08117,"Denver, CO"
08119,"Colorado Springs-Pueblo, CO"
08121,"Denver, CO"
08123,"Denver, CO"
08125,"Denver, CO"
09001,"New York, NY"
09003,"Hartford & New Haven, CT"
09005,"Hartford & New Haven, CT"
09007,"Hartford & New Haven, CT"
09009,"Hartford & New Haven, CT"
09011,"Hartford & New Haven, CT"
09013,"Hartford & New Haven, CT"
09015,"Hartford & New Haven, CT"
10001,"Philadelphia, PA"
10003,"Philadelphia, PA"
10005,"Salisbury, MD"
11001,"Washington, DC (Hagerstown, MD)"
12001,"Gainesville, FL"
12003,"Jacksonville, FL"
12005,"Panama City, FL"
12007,"Jacksonville, FL"
12009,"Orlando-Daytona Beach-Melbourne, FL"
12011,"Miami-Fort Lauderdale, FL"
12013,"Panama City, FL"
12015,"Ft. Myers-Naples, FL"
12017,"Tampa-St. Petersburg (Sarasota), FL"
12019,"Jacksonville, FL"
12021,"Ft. Myers-Naples, FL"
12023,"Jacksonville, FL"
12027,"Ft. Myers-Naples, FL"
12029,"Gainesville, FL"
12031,"Jacksonville, FL"
12033,"Mobile, AL-Pensacola (Ft. Walton Beach), FL"
12035,"Orlando-Daytona Beach-Melbourne, FL"
12037,"Panama City, FL"
12039,"Tallahassee, FL-Thomasville, GA"
12041,"Gainesville, FL"
12043,"Ft. Myers-Naples, FL"
12045,"Panama City, FL"
12047,"Tallahassee, FL-Thomasville, GA"
12049,"Tampa-St. Petersburg (Sarasota), FL"
12051,"Ft. Myers-Naples, FL"
12053,"Tampa-St. Petersburg (Sarasota), FL"
12055,"Tampa-St. Petersburg (Sarasota), FL"
12057,"Tampa-St. Petersburg (Sarasota), FL"
12059,"Panama City, FL"
12061,"West Palm Beach-Ft. Pierce, FL"
12063,"Panama City, FL"
12065,"Tallahassee, FL-Thomasville, GA"
12067,"Tallahassee, FL-Thomasville, GA"
12069,"Orlando-Daytona Beach-Melbourne, FL"
12071,"Ft. Myers-Naples, FL"
12073,"Tallahassee, FL-Thomasville, GA"
12075,"Gainesville, FL"
12077,"Panama City, FL"
12079,"Tallahassee, FL-Thomasville, GA"
12081,"Tampa-St. Petersburg (Sarasota), FL"
12083,"Orlando-Daytona Beach-Melbourne, FL"
12085,"West Palm Beach-Ft. Pierce, FL"
12086,"Miami-Fort Lauderdale, FL"
12087,"Miami-Fort Lauderdale, FL"
12089,"Jacksonville, FL"
12091,"Mobile, AL-Pensacola (Ft. Walton Beach), FL"
12093,"West Palm Beach-Ft. Pierce, FL"
12095,"Orlando-Daytona Beach-Melbourne, FL"
12097,"Orlando-Daytona Beach-Melbourne, FL"
12099,"West Palm Beach-Ft. Pierce, FL"
12101,"Tampa-St. Petersburg (Sarasota), FL"
12103,"Tampa-St. Petersburg (Sarasota), FL"
12105,"Tampa-St. Petersburg (Sarasota), FL"
12107,"Jacksonville, FL"
12109,"Jacksonville, FL"
12111,"West Palm Beach-Ft. Pierce, FL"
12113,"Mobile, AL-Pensacola (Ft. Walton Beach), FL"
12115,"Tampa-St. Petersburg (Sarasota), FL"
12117,"Orlando-Daytona Beach-Melbourne, FL"
12119,"Orlando-Daytona Beach-Melbourne, FL"
12121,"Tallahassee, FL-Thomasville, GA"
12123,"Tallahassee, FL-Thomasville, GA"
12125,"Jacksonville, FL"
12127,"Orlando-Daytona Beach-Melbourne, FL"
12129,"Tallahassee, FL-Thomasville, GA"
12131,"Panama City, FL"
12133,"Panama City, FL"
13001,"Savannah, GA"
13003,"Albany, GA"
13005,"Savannah, GA"
13007,"Albany, GA"
13009,"Macon, GA"
13011,"Atlanta, GA"
13013,"Atlanta, GA"
13015,"Atlanta, GA"
13017,"Albany, GA"
13019,"Albany, GA"
13021,"Macon, GA"
13023,"Macon, GA"
13025,"Jacksonville, FL"
13027,"Tallahassee, FL-Thomasville, GA"
13029,"Savannah, GA"
13031,"Savannah, GA"
13033,"Augusta, GA"
13035,"Atlanta, GA"
13037,"Albany, GA"
13039,"Jacksonville, FL"
13043,"Savannah, GA"
13045,"Atlanta, GA"
13047,"Chattanooga, TN"
13049,"Jacksonville, FL"
13051,"Savannah, GA"
13053,"Columbus, GA"
13055,"Atlanta, GA"
13057,"Atlanta, GA"
13059,"Atlanta, GA"
13061,"Columbus, GA"
13063,"Atlanta, GA"
13065,"Tallahassee, FL-Thomasville, GA"
13067,"Atlanta, GA"
13069,"Albany, GA"
13071,"Albany, GA"
13073,"Augusta, GA"
13075,"Albany, GA"
13077,"Atlanta, GA"
13079,"Macon, GA"
13081,"Albany, GA"
13083,"Chattanooga, TN"
13085,"Atlanta, GA"
13087,"Tallahassee, FL-Thomasville, GA"
13089,"Atlanta, GA"
13091,"Macon, GA"
13093,"Macon, GA"
13095,"Albany, GA"
13097,"Atlanta, GA"
13099,"Dothan, AL"
13101,"Tallahassee, FL-Thomasville, GA"
13103,"Savannah, GA"
13105,"Greenville-Spartanburg, SC-Asheville, NC-Anderson,SC"
13107,"Augusta, GA"
13109,"Savannah, GA"
13111,"Chattanooga, TN"
13113,"Atlanta, GA"
13115,"Atlanta, GA"
13117,"Atlanta, GA"
13119,"Greenville-Spartanburg, SC-Asheville, NC-Anderson,SC"
13121,"Atlanta, GA"
13123,"Atlanta, GA"
13125,"Augusta, GA"
13127,"Jacksonville, FL"
13129,"Atlanta, GA"
13131,"Tallahassee, FL-Thomasville, GA"
13133,"Atlanta, GA"
13135,"Atlanta, GA"
13137,"Atlanta, GA"
13139,"Atlanta, GA"
13141,"Macon, GA"
13143,"Atlanta, GA"
13145,"Columbus, GA"
13147,"Greenville-Spartanburg, SC-Asheville, NC-Anderson,SC"
13149,"Atlanta, GA"
13151,"Atlanta, GA"
13153,"Macon, GA"
13155,"Albany, GA"
13157,"Atlanta, GA"
13159,"Atlanta, GA"
13161,"Savannah, GA"
13163,"Augusta, GA"
13165,"Augusta, GA"
13167,"Macon, GA"
13169,"Macon, GA"
13171,"Atlanta, GA"
13173,"Tallahassee, FL-Thomasville, GA"
13175,"Macon, GA"
13177,"Albany, GA"
13179,"Savannah, GA"
13181,"Augusta, GA"
13183,"Savannah, GA"
13185,"Tallahassee, FL-Thomasville, GA"
13187,"Atlanta, GA"
13189,"Augusta, GA"
13191,"Savannah, GA"
13193,"Macon, GA"
13195,"Atlanta, GA"
13197,"Columbus, GA"
13199,"Atlanta, GA"
13201,"Tallahassee, FL-Thomasville, GA"
13205,"Albany, GA"
13207,"Macon, GA"
13209,"Savannah, GA"
13211,"Atlanta, GA"
13213,"Chattanooga, TN"
13215,"Columbus, GA"
13217,"Atlanta, GA"
13219,"Atlanta, GA"
13221,"Atlanta, GA"
13223,"Atlanta, GA"
13225,"Macon, GA"
13227,"Atlanta, GA"
13229,"Jacksonville, FL"
13231,"Atlanta, GA"
13233,"Atlanta, GA"
13235,"Macon, GA"
13237,"Atlanta, GA"
13239,"Columbus, GA"
13241,"Atlanta, GA"
13243,"Columbus, GA"
13245,"Augusta, GA"
13247,"Atlanta, GA"
13249,"Columbus, GA"
13251,"Savannah, GA"
13253,"Dothan, AL"
13255,"Atlanta, GA"
13257,"Greenville-Spartanburg, SC-Asheville, NC-Anderson,SC"
13259,"Columbus, GA"
13261,"Columbus, GA"
13263,"Columbus, GA"
13265,"Augusta, GA"
13267,"Savannah, GA"
13269,"Columbus, GA"
13271,"Macon, GA"
13273,"Albany, GA"
13275,"Tallahassee, FL-Thomasville, GA"
13277,"Albany, GA"
13279,"Savannah, GA"
13281,"Atlanta, GA"
13283,"Macon, GA"
13285,"Atlanta, GA"
13287,"Albany, GA"
13289,"Macon, GA"
13291,"Atlanta, GA"
13293,"Atlanta, GA"
13295,"Chattanooga, TN"
13297,"Atlanta, GA"
13299,"Jacksonville, FL"
13301,"Augusta, GA"
13303,"Macon, GA"
13305,"Savannah, GA"
13307,"Columbus, GA"
13309,"Macon, GA"
13311,"Atlanta, GA"
13313,"Chattanooga, TN"
13315,"Macon, GA"
13317,"Augusta, GA"
13319,"Macon, GA"
13321,"Albany, GA"
15001,"Honolulu, HI"
15003,"Honolulu, HI"
15005,"Honolulu, HI"
15007,"Honolulu, HI"
15009,"Honolulu, HI"
16001,"Boise, ID"
16003,"Boise, ID"
16005,"Idaho Falls-Pocatello, ID"
16007,"Salt Lake City, UT"
16009,"Spokane, WA"
16011,"Idaho Falls-Pocatello, ID"
16013,"Twin Falls, ID"
16015,"Boise, ID"
16017,"Spokane, WA"
16019,"Idaho Falls-Pocatello, ID"
16021,"Spokane, WA"
16023,"Idaho Falls-Pocatello, ID"
16025,"Boise, ID"
16027,"Boise, ID"
16029,"Idaho Falls-Pocatello, ID"
16031,"Twin Falls, ID"
16033,"Idaho Falls-Pocatello, ID"
16035,"Spokane, WA"
16037,"Idaho Falls-Pocatello, ID"
16039,"Boise, ID"
16041,"Salt Lake City, UT"
16043,"Idaho Falls-Pocatello, ID"
16045,"Boise, ID"
16047,"Twin Falls, ID"
16049,"Spokane, WA"
16051,"Idaho Falls-Pocatello, ID"
16053,"Twin Falls, ID"
16055,"Spokane, WA"
16057,"Spokane, WA"
16059,"Idaho Falls-Pocatello, ID"
16061,"Spokane, WA"
16063,"Twin Falls, ID"
16065,"Idaho Falls-Pocatello, ID"
16067,"Twin Falls, ID"
16069,"Spokane, WA"
16071,"Salt Lake City, UT"
16073,"Boise, ID"
16075,"Boise, ID"
16077,"Idaho Falls-Pocatello, ID"
16079,"Spokane, WA"
16081,"Idaho Falls-Pocatello, ID"
16083,"Twin Falls, ID"
16085,"Boise, ID"
16087,"Boise, ID"
17001,"Quincy, IL-Hannibal, MO-Keokuk, IA"
17003,"Paducah, KY-Cape Girardeau, MO-Harrisburg, IL"
17005,"St. Louis, MO"
17007,"Rockford, IL"
17009,"Quincy, IL-Hannibal, MO-Keokuk, IA"
17011,"Davenport, IA-Rock Island-Moline, IL"
17013,"St. Louis, MO"
17015,"Davenport, IA-Rock Island-Moline, IL"
17017,"Quincy, IL-Hannibal, MO-Keokuk, IA"
17019,"Champaign & Springfield-Decatur, IL"
17021,"Champaign & Springfield-Decatur, IL"
17023,"Terre Haute, IN"
17025,"Terre Haute, IN"
17027,"St. Louis, MO"
17029,"Champaign & Springfield-Decatur, IL"
17031,"Chicago, IL"
17033,"Terre Haute, IN"
17035,"Champaign & Springfield-Decatur, IL"
17037,"Chicago, IL"
17039,"Champaign & Springfield-Decatur, IL"
17041,"Champaign & Springfield-Decatur, IL"
17043,"Chicago, IL"
17045,"Terre Haute, IN"
17047,"Evansville, IN"
17049,"Champaign & Springfield-Decatur, IL"
17051,"St. Louis, MO"
17053,"Champaign & Springfield-Decatur, IL"
17055,"Paducah, KY-Cape Girardeau, MO-Harrisburg, IL"
17057,"Peoria-Bloomington, IL"
17059,"Paducah, KY-Cape Girardeau, MO-Harrisburg, IL"
17061,"St. Louis, MO"
17063,"Chicago, IL"
17065,"Paducah, KY-Cape Girardeau, MO-Harrisburg, IL"
17067,"Quincy, IL-Hannibal, MO-Keokuk, IA"
17069,"Paducah, KY-Cape Girardeau, MO-Harrisburg, IL"
17071,"Davenport, IA-Rock Island-Moline, IL"
17073,"Davenport, IA-Rock Island-Moline, IL"
17075,"Champaign & Springfield-Decatur, IL"
17077,"Paducah, KY-Cape Girardeau, MO-Harrisburg, IL"
17079,"Terre Haute, IN"
17081,"Paducah, KY-Cape Girardeau, MO-Harrisburg, IL"
17083,"St. Louis, MO"
17085,"Davenport, IA-Rock Island-Moline, IL"
17087,"Paducah, KY-Cape Girardeau, MO-Harrisburg, IL"
17089,"Chicago, IL"
17091,"Chicago, IL"
17093,"Chicago, IL"
17095,"Davenport, IA-Rock Island-Moline, IL"
17097,"Chicago, IL"
17099,"Chicago, IL"
17101,"Terre Haute, IN"
17103,"Rockford, IL"
17105,"Peoria-Bloomington, IL"
17107,"Champaign & Springfield-Decatur, IL"
17109,"Quincy, IL-Hannibal, MO-Keokuk, IA"
17111,"Chicago, IL"
17113,"Peoria-Bloomington, IL"
17115,"Champaign & Springfield-Decatur, IL"
17117,"St. Louis, MO"
17119,"St. Louis, MO"
17121,"St. Louis, MO"
17123,"Peoria-Bloomington, IL"
17125,"Peoria-Bloomington, IL"
17127,"Paducah, KY-Cape Girardeau, MO-Harrisburg, IL"
17129,"Champaign & Springfield-Decatur, IL"
17131,"Davenport, IA-Rock Island-Moline, IL"
17133,"St. Louis, MO"
17135,"St. Louis, MO"
17137,"Champaign & Springfield-Decatur, IL"
17139,"Champaign & Springfield-Decatur, IL"
17141,"Rockford, IL"
17143,"Peoria-Bloomington, IL"
17145,"Paducah, KY-Cape Girardeau, MO-Harrisburg, IL"
17147,"Champaign & Springfield-Decatur, IL"
17149,"Quincy, IL-Hannibal, MO-Keokuk, IA"
17151,"Paducah, KY-Cape Girardeau, MO-Harrisburg, IL"
17153,"Paducah, KY-Cape Girardeau, MO-Harrisburg, IL"
17155,"Peoria-Bloomington, IL"
17157,"St. Louis, MO"
17159,"Terre Haute, IN"
17161,"Davenport, IA-Rock Island-Moline, IL"
17163,"St. Louis, MO"
17165,"Paducah, KY-Cape Girardeau, MO-Harrisburg, IL"
17167,"Champaign & Springfield-Decatur, IL"
17169,"Quincy, IL-Hannibal, MO-Keokuk, IA"
17171,"Quincy, IL-Hannibal, MO-Keokuk, IA"
17173,"Champaign & Springfield-Decatur, IL"
17175,"Peoria-Bloomington, IL"
17177,"Rockford, IL"
17179,"Peoria-Bloomington, IL"
17181,"Paducah, KY-Cape Girardeau, MO-Harrisburg, IL"
17183,"Champaign & Springfield-Decatur, IL"
17185,"Evansville, IN"
17187,"Davenport, IA-Rock Island-Moline, IL"
17189,"St. Louis, MO"
17191,"Evansville, IN"
17193,"Evansville, IN"
17195,"Davenport, IA-Rock Island-Moline, IL"
17197,"Chicago, IL"
17199,"Paducah, KY-Cape Girardeau, MO-Harrisburg, IL"
17201,"Rockford, IL"
17203,"Peoria-Bloomington, IL"
18001,"Ft. Wayne, IN"
18003,"Ft. Wayne, IN"
18005,"Indianapolis, IN"
18007,"Indianapolis, IN"
18009,"Indianapolis, IN"
18011,"Indianapolis, IN"
18013,"Indianapolis, IN"
18015,"Indianapolis, IN"
18017,"Indianapolis, IN"
18019,"Louisville, KY"
18021,"Terre Haute, IN"
18023,"Indianapolis, IN"
18025,"Louisville, KY"
18027,"Terre Haute, IN"
18029,"Cincinnati, OH"
18031,"Indianapolis, IN"
18033,"Ft. Wayne, IN"
18035,"Indianapolis, IN"
18037,"Evansville, IN"
18039,"South Bend-Elkhart, IN"
18041,"Indianapolis, IN"
18043,"Louisville, KY"
18045,"Indianapolis, IN"
18047,"Cincinnati, OH"
18049,"South Bend-Elkhart, IN"
18051,"Evansville, IN"
18053,"Indianapolis, IN"
18055,"Terre Haute, IN"
18057,"Indianapolis, IN"
18059,"Indianapolis, IN"
18061,"Louisville, KY"
18063,"Indianapolis, IN"
18065,"Indianapolis, IN"
18067,"Indianapolis, IN"
18069,"Ft. Wayne, IN"
18071,"Louisville, KY"
18073,"Chicago, IL"
18075,"Ft. Wayne, IN"
18077,"Louisville, KY"
18079,"Louisville, KY"
18081,"Indianapolis, IN"
18083,"Terre Haute, IN"
18085,"South Bend-Elkhart, IN"
18087,"South Bend-Elkhart, IN"
18089,"Chicago, IL"
18091,"Chicago, IL"
18093,"Indianapolis, IN"
18095,"Indianapolis, IN"
18097,"Indianapolis, IN"
18099,"South Bend-Elkhart, IN"
18101,"Terre Haute, IN"
18103,"Indianapolis, IN"
18105,"Indianapolis, IN"
18107,"Indianapolis, IN"
18109,"Indianapolis, IN"
18111,"Chicago, IL"
18113,"Ft. Wayne, IN"
18115,"Cincinnati, OH"
18117,"Louisville, KY"
18119,"Indianapolis, IN"
18121,"Terre Haute, IN"
18123,"Evansville, IN"
18125,"Evansville, IN"
18127,"Chicago, IL"
18129,"Evansville, IN"
18131,"South Bend-Elkhart, IN"
18133,"Indianapolis, IN"
18135,"Indianapolis, IN"
18137,"Cincinnati, OH"
18139,"Indianapolis, IN"
18141,"South Bend-Elkhart, IN"
18143,"Louisville, KY"
18145,"Indianapolis, IN"
18147,"Evansville, IN"
18149,"South Bend-Elkhart, IN"
18151,"Ft. Wayne, IN"
18153,"Terre Haute, IN"
18155,"Cincinnati, OH"
18157,"Lafayette, IN"
18159,"Indianapolis, IN"
18161,"Cincinnati, OH"
18163,"Evansville, IN"
18165,"Terre Haute, IN"
18167,"Terre Haute, IN"
18169,"Ft. Wayne, IN"
18171,"Lafayette, IN"
18173,"Evansville, IN"
18175,"Louisville, KY"
18177,"Dayton, OH"
18179,"Ft. Wayne, IN"
18181,"Indianapolis, IN"
18183,"Ft. Wayne, IN"
19001,"Des Moines-Ames, IA"
19003,"Omaha, NE"
19005,"Cedar Rapids-Waterloo-Iowa City & Dubuque, IA"
19007,"Des Moines-Ames, IA"
19009,"Des Moines-Ames, IA"
19011,"Cedar Rapids-Waterloo-Iowa City & Dubuque, IA"
19013,"Cedar Rapids-Waterloo-Iowa City & Dubuque, IA"
19015,"Des Moines-Ames, IA"
19017,"Cedar Rapids-Waterloo-Iowa City & Dubuque, IA"
19019,"Cedar Rapids-Waterloo-Iowa City & Dubuque, IA"
19021,"Sioux City, IA"
19023,"Cedar Rapids-Waterloo-Iowa City & Dubuque, IA"
19025,"Des Moines-Ames, IA"
19027,"Des Moines-Ames, IA"
19029,"Omaha, NE"
19031,"Cedar Rapids-Waterloo-Iowa City & Dubuque, IA"
19033,"Rochester, MN-Mason City, IA-Austin, MN"
19035,"Sioux City, IA"
19037,"Cedar Rapids-Waterloo-Iowa City & Dubuque, IA"
19039,"Des Moines-Ames, IA"
19041,"Sioux City, IA"
19043,"Cedar Rapids-Waterloo-Iowa City & Dubuque, IA"
19045,"Davenport, IA-Rock Island-Moline, IL"
19047,"Omaha, NE"
19049,"Des Moines-Ames, IA"
19051,"Ottumwa, IA-Kirksville, MO"
19053,"Des Moines-Ames, IA"
19055,"Cedar Rapids-Waterloo-Iowa City & Dubuque, IA"
19057,"Davenport, IA-Rock Island-Moline, IL"
19059,"Sioux City, IA"
19061,"Cedar Rapids-Waterloo-Iowa City & Dubuque, IA"
19063,"Mankato, MN"
19065,"Cedar Rapids-Waterloo-Iowa City & Dubuque, IA"
19067,"Rochester, MN-Mason City, IA-Austin, MN"
19069,"Des Moines-Ames, IA"
19071,"Omaha, NE"
19073,"Des Moines-Ames, IA"
19075,"Cedar Rapids-Waterloo-Iowa City & Dubuque, IA"
19077,"Des Moines-Ames, IA"
19079,"Des Moines-Ames, IA"
19081,"Rochester, MN-Mason City, IA-Austin, MN"
19083,"Des Moines-Ames, IA"
19085,"Omaha, NE"
19087,"Davenport, IA-Rock Island-Moline, IL"
19089,"Rochester, MN-Mason City, IA-Austin, MN"
19091,"Des Moines-Ames, IA"
19093,"Sioux City, IA"
19095,"Cedar Rapids-Waterloo-Iowa City & Dubuque, IA"
19097,"Davenport, IA-Rock Island-Moline, IL"
19099,"Des Moines-Ames, IA"
19101,"Ottumwa, IA-Kirksville, MO"
19103,"Cedar Rapids-Waterloo-Iowa City & Dubuque, IA"
19105,"Cedar Rapids-Waterloo-Iowa City & Dubuque, IA"
19107,"Cedar Rapids-Waterloo-Iowa City & Dubuque, IA"
19109,"Des Moines-Ames, IA"
19111,"Quincy, IL-Hannibal, MO-Keokuk, IA"
19113,"Cedar Rapids-Waterloo-Iowa City & Dubuque, IA"
19115,"Davenport, IA-Rock Island-Moline, IL"
19117,"Des Moines-Ames, IA"
19119,"Sioux Falls (Mitchell), SD"
19121,"Des Moines-Ames, IA"
19123,"Des Moines-Ames, IA"
19125,"Des Moines-Ames, IA"
19127,"Des Moines-Ames, IA"
19129,"Omaha, NE"
19131,"Rochester, MN-Mason City, IA-Austin, MN"
19133,"Sioux City, IA"
19135,"Des Moines-Ames, IA"
19137,"Omaha, NE"
19139,"Davenport, IA-Rock Island-Moline, IL"
19141,"Sioux City, IA"
19143,"Sioux Falls (Mitchell), SD"
19145,"Omaha, NE"
19147,"Sioux City, IA"
19149,"Sioux City, IA"
19151,"Des Moines-Ames, IA"
19153,"Des Moines-Ames, IA"
19155,"Omaha, NE"
19157,"Des Moines-Ames, IA"
19159,"Des Moines-Ames, IA"
19161,"Sioux City, IA"
19163,"Davenport, IA-Rock Island-Moline, IL"
19165,"Omaha, NE"
19167,"Sioux City, IA"
19169,"Des Moines-Ames, IA"
19171,"Cedar Rapids-Waterloo-Iowa City & Dubuque, IA"
19173,"Des Moines-Ames, IA"
19175,"Des Moines-Ames, IA"
19177,"Ottumwa, IA-Kirksville, MO"
19179,"Ottumwa, IA-Kirksville, MO"
19181,"Des Moines-Ames, IA"
19183,"Cedar Rapids-Waterloo-Iowa City & Dubuque, IA"
19185,"Des Moines-Ames, IA"
19187,"Des Moines-Ames, IA"
19189,"Rochester, MN-Mason City, IA-Austin, MN"
19191,"Cedar Rapids-Waterloo-Iowa City & Dubuque, IA"
19193,"Sioux City, IA"
19195,"Rochester, MN-Mason City, IA-Austin, MN"
19197,"Des Moines-Ames, IA"
20001,"Joplin, MO-Pittsburg, KS"
20003,"Kansas City, MO"
20005,"Kansas City, MO"
20007,"Wichita Falls, TX-Lawton, OK"
20009,"Wichita Falls, TX-Lawton, OK"
20011,"Joplin, MO-Pittsburg, KS"
20013,"Topeka, KS"
20015,"Wichita Falls, TX-Lawton, OK"
20017,"Wichita Falls, TX-Lawton, OK"
20019,"Tulsa, OK"
20021,"Joplin, MO-Pittsburg, KS"
20023,"Wichita Falls, TX-Lawton, OK"
20025,"Wichita Falls, TX-Lawton, OK"
20027,"Topeka, KS"
20029,"Topeka, KS"
20031,"Topeka, KS"
20033,"Wichita Falls, TX-Lawton, OK"
20035,"Wichita Falls, TX-Lawton, OK"
20037,"Joplin, MO-Pittsburg, KS"
20039,"Wichita Falls, TX-Lawton, OK"
20041,"Wichita Falls, TX-Lawton, OK"
20043,"St. Joseph, MO"
20045,"Kansas City, MO"
20047,"Wichita Falls, TX-Lawton, OK"
20049,"Wichita Falls, TX-Lawton, OK"
20051,"Wichita Falls, TX-Lawton, OK"
20053,"Wichita Falls, TX-Lawton, OK"
20055,"Wichita Falls, TX-Lawton, OK"
20057,"Wichita Falls, TX-Lawton, OK"
20059,"Kansas City, MO"
20061,"Topeka, KS"
20063,"Wichita Falls, TX-Lawton, OK"
20065,"Wichita Falls, TX-Lawton, OK"
20067,"Wichita Falls, TX-Lawton, OK"
20069,"Wichita Falls, TX-Lawton, OK"
20071,"Wichita Falls, TX-Lawton, OK"
20073,"Wichita Falls, TX-Lawton, OK"
20075,"Wichita Falls, TX-Lawton, OK"
20077,"Wichita Falls, TX-Lawton, OK"
20079,"Wichita Falls, TX-Lawton, OK"
20081,"Wichita Falls, TX-Lawton, OK"
20083,"Wichita Falls, TX-Lawton, OK"
20085,"Topeka, KS"
20087,"Topeka, KS"
20089,"Lincoln & Hastings-Kearney, NE"
20091,"Kansas City, MO"
20093,"Wichita Falls, TX-Lawton, OK"
20095,"Wichita Falls, TX-Lawton, OK"
20097,"Wichita Falls, TX-Lawton, OK"
20099,"Joplin, MO-Pittsburg, KS"
20101,"Wichita Falls, TX-Lawton, OK"
20103,"Kansas City, MO"
20105,"Wichita Falls, TX-Lawton, OK"
20107,"Kansas City, MO"
20109,"Wichita Falls, TX-Lawton, OK"
20111,"Topeka, KS"
20113,"Wichita Falls, TX-Lawton, OK"
20115,"Wichita Falls, TX-Lawton, OK"
20117,"Topeka, KS"
20119,"Wichita Falls, TX-Lawton, OK"
20121,"Kansas City, MO"
20123,"Wichita Falls, TX-Lawton, OK"
20125,"Tulsa, OK"
20127,"Topeka, KS"
20129,"Amarillo, TX"
20131,"Topeka, KS"
20133,"Joplin, MO-Pittsburg, KS"
20135,"Wichita Falls, TX-Lawton, OK"
20137,"Wichita Falls, TX-Lawton, OK"
20139,"Topeka, KS"
20141,"Wichita Falls, TX-Lawton, OK"
20143,"Wichita Falls, TX-Lawton, OK"
20145,"Wichita Falls, TX-Lawton, OK"
20147,"Lincoln & Hastings-Kearney, NE"
20149,"Topeka, KS"
20151,"Wichita Falls, TX-Lawton, OK"
20153,"Wichita Falls, TX-Lawton, OK"
20155,"Wichita Falls, TX-Lawton, OK"
20157,"Lincoln & Hastings-Kearney, NE"
20159,"Wichita Falls, TX-Lawton, OK"
20161,"Topeka, KS"
20163,"Wichita Falls, TX-Lawton, OK"
20165,"Wichita Falls, TX-Lawton, OK"
20167,"Wichita Falls, TX-Lawton, OK"
20169,"Wichita Falls, TX-Lawton, OK"
20171,"Wichita Falls, TX-Lawton, OK"
20173,"Wichita Falls, TX-Lawton, OK"
20175,"Wichita Falls, TX-Lawton, OK"
20177,"Topeka, KS"
20179,"Wichita Falls, TX-Lawton, OK"
20181,"Wichita Falls, TX-Lawton, OK"
20183,"Lincoln & Hastings-Kearney, NE"
20185,"Wichita Falls, TX-Lawton, OK"
20187,"Wichita Falls, TX-Lawton, OK"
20189,"Wichita Falls, TX-Lawton, OK"
20191,"Wichita Falls, TX-Lawton, OK"
20193,"Wichita Falls, TX-Lawton, OK"
20195,"Wichita Falls, TX-Lawton, OK"
20197,"Topeka, KS"
20199,"Wichita Falls, TX-Lawton, OK"
20201,"Topeka, KS"
20203,"Wichita Falls, TX-Lawton, OK"
20205,"Joplin, MO-Pittsburg, KS"
20207,"Joplin, MO-Pittsburg, KS"
20209,"Kansas City, MO"
21001,"Bowling Green, KY"
21003,"Nashville, TN"
21005,"Lexington, KY"
21007,"Paducah, KY-Cape Girardeau, MO-Harrisburg, IL"
21009,"Bowling Green, KY"
21011,"Lexington, KY"
21013,"Knoxville, TN"
21015,"Cincinnati, OH"
21017,"Lexington, KY"
21019,"Charleston-Huntington, WV"
21021,"Lexington, KY"
21023,"Cincinnati, OH"
21025,"Lexington, KY"
21027,"Louisville, KY"
21029,"Louisville, KY"
21031,"Bowling Green, KY"
21033,"Paducah, KY-Cape Girardeau, MO-Harrisburg, IL"
21035,"Paducah, KY-Cape Girardeau, MO-Harrisburg, IL"
21037,"Cincinnati, OH"
21039,"Paducah, KY-Cape Girardeau, MO-Harrisburg, IL"
21041,"Louisville, KY"
21043,"Charleston-Huntington, WV"
21045,"Lexington, KY"
21047,"Nashville, TN"
21049,"Lexington, KY"
21051,"Lexington, KY"
21053,"Nashville, TN"
21055,"Paducah, KY-Cape Girardeau, MO-Harrisburg, IL"
21057,"Bowling Green, KY"
21059,"Evansville, IN"
21061,"Bowling Green, KY"
21063,"Charleston-Huntington, WV"
21065,"Lexington, KY"
21067,"Lexington, KY"
21069,"Lexington, KY"
21071,"Charleston-Huntington, WV"
21073,"Lexington, KY"
21075,"Paducah, KY-Cape Girardeau, MO-Harrisburg, IL"
21077,"Cincinnati, OH"
21079,"Lexington, KY"
21081,"Cincinnati, OH"
21083,"Paducah, KY-Cape Girardeau, MO-Harrisburg, IL"
21085,"Louisville, KY"
21087,"Louisville, KY"
21089,"Charleston-Huntington, WV"
21091,"Evansville, IN"
21093,"Louisville, KY"
21095,"Knoxville, TN"
21097,"Lexington, KY"
21099,"Bowling Green, KY"
21101,"Evansville, IN"
21103,"Louisville, KY"
21105,"Paducah, KY-Cape Girardeau, MO-Harrisburg, IL"
21107,"Evansville, IN"
21109,"Lexington, KY"
21111,"Louisville, KY"
21113,"Lexington, KY"
21115,"Charleston-Huntington, WV"
21117,"Cincinnati, OH"
21119,"Lexington, KY"
21121,"Lexington, KY"
21123,"Louisville, KY"
21125,"Lexington, KY"
21127,"Charleston-Huntington, WV"
21129,"Lexington, KY"
21131,"Tri-Cities, TN-VA"
21133,"Tri-Cities, TN-VA"
21135,"Charleston-Huntington, WV"
21137,"Lexington, KY"
21139,"Paducah, KY-Cape Girardeau, MO-Harrisburg, IL"
21141,"Nashville, TN"
21143,"Paducah, KY-Cape Girardeau, MO-Harrisburg, IL"
21145,"Paducah, KY-Cape Girardeau, MO-Harrisburg, IL"
21147,"Knoxville, TN"
21149,"Evansville, IN"
21151,"Lexington, KY"
21153,"Charleston-Huntington, WV"
21155,"Louisville, KY"
21157,"Paducah, KY-Cape Girardeau, MO-Harrisburg, IL"
21159,"Charleston-Huntington, WV"
21161,"Cincinnati, OH"
21163,"Louisville, KY"
21165,"Lexington, KY"
21167,"Lexington, KY"
21169,"Bowling Green, KY"
21171,"Nashville, TN"
21173,"Lexington, KY"
21175,"Lexington, KY"
21177,"Evansville, IN"
21179,"Louisville, KY"
21181,"Lexington, KY"
21183,"Evansville, IN"
21185,"Louisville, KY"
21187,"Cincinnati, OH"
21189,"Lexington, KY"
21191,"Cincinnati, OH"
21193,"Lexington, KY"
21195,"Charleston-Huntington, WV"
21197,"Lexington, KY"
21199,"Lexington, KY"
21201,"Cincinnati, OH"
21203,"Lexington, KY"
21205,"Lexington, KY"
21207,"Lexington, KY"
21209,"Lexington, KY"
21211,"Louisville, KY"
21213,"Nashville, TN"
21215,"Louisville, KY"
21217,"Louisville, KY"
21219,"Nashville, TN"
21221,"Nashville, TN"
21223,"Louisville, KY"
21225,"Evansville, IN"
21227,"Bowling Green, KY"
21229,"Louisville, KY"
21231,"Lexington, KY"
21233,"Evansville, IN"
21235,"Lexington, KY"
21237,"Lexington, KY"
21239,"Lexington, KY"
22001,"Lafayette, LA"
22003,"Lake Charles, LA"
22005,"Baton Rouge, LA"
22007,"Baton Rouge, LA"
22009,"Alexandria, LA"
22011,"Lake Charles, LA"
22013,"Shreveport, LA"
22015,"Shreveport, LA"
22017,"Shreveport, LA"
22019,"Lake Charles, LA"
22021,"Monroe, LA-El Dorado, AR"
22023,"Lake Charles, LA"
22025,"Monroe, LA-El Dorado, AR"
22027,"Shreveport, LA"
22029,"Monroe, LA-El Dorado, AR"
22031,"Shreveport, LA"
22033,"Baton Rouge, LA"
22035,"Monroe, LA-El Dorado, AR"
22037,"Baton Rouge, LA"
22039,"Lafayette, LA"
22041,"Monroe, LA-El Dorado, AR"
22043,"Alexandria, LA"
22045,"Lafayette, LA"
22047,"Baton Rouge, LA"
22049,"Monroe, LA-El Dorado, AR"
22051,"New Orleans, LA"
22053,"Lafayette, LA"
22055,"Lafayette, LA"
22057,"New Orleans, LA"
22059,"Monroe, LA-El Dorado, AR"
22061,"Monroe, LA-El Dorado, AR"
22063,"Baton Rouge, LA"
22065,"Monroe, LA-El Dorado, AR"
22067,"Monroe, LA-El Dorado, AR"
22069,"Shreveport, LA"
22071,"New Orleans, LA"
22073,"Monroe, LA-El Dorado, AR"
22075,"New Orleans, LA"
22077,"Baton Rouge, LA"
22079,"Alexandria, LA"
22081,"Shreveport, LA"
22083,"Monroe, LA-El Dorado, AR"
22085,"Shreveport, LA"
22087,"New Orleans, LA"
22089,"New Orleans, LA"
22091,"Baton Rouge, LA"
22093,"New Orleans, LA"
22095,"New Orleans, LA"
22097,"Lafayette, LA"
22099,"Lafayette, LA"
22101,"Baton Rouge, LA"
22103,"New Orleans, LA"
22105,"New Orleans, LA"
22107,"Monroe, LA-El Dorado, AR"
22109,"New Orleans, LA"
22111,"Monroe, LA-El Dorado, AR"
22113,"Lafayette, LA"
22115,"Alexandria, LA"
22117,"New Orleans, LA"
22119,"Shreveport, LA"
22121,"Baton Rouge, LA"
22123,"Monroe, LA-El Dorado, AR"
22125,"Baton Rouge, LA"
22127,"Monroe, LA-El Dorado, AR"
23001,"Portland-Auburn, ME"
23003,"Presque Isle, ME"
23005,"Portland-Auburn, ME"
23007,"Portland-Auburn, ME"
23009,"Bangor, ME"
23011,"Portland-Auburn, ME"
23013,"Portland-Auburn, ME"
23015,"Portland-Auburn, ME"
23017,"Portland-Auburn, ME"
23019,"Bangor, ME"
23021,"Bangor, ME"
23023,"Portland-Auburn, ME"
23025,"Bangor, ME"
23027,"Bangor, ME"
23029,"Bangor, ME"
23031,"Portland-Auburn, ME"
24001,"Washington, DC (Hagerstown, MD)"
24003,"Baltimore, MD"
24005,"Baltimore, MD"
24009,"Washington, DC (Hagerstown, MD)"
24011,"Baltimore, MD"
24013,"Baltimore, MD"
24015,"Baltimore, MD"
24017,"Washington, DC (Hagerstown, MD)"
24019,"Baltimore, MD"
24021,"Washington, DC (Hagerstown, MD)"
24023,"Pittsburgh, PA"
24025,"Baltimore, MD"
24027,"Baltimore, MD"
24029,"Baltimore, MD"
24031,"Washington, DC (Hagerstown, MD)"
24033,"Washington, DC (Hagerstown, MD)"
24035,"Baltimore, MD"
24037,"Washington, DC (Hagerstown, MD)"
24039,"Salisbury, MD"
24041,"Baltimore, MD"
24043,"Washington, DC (Hagerstown, MD)"
24045,"Salisbury, MD"
24047,"Salisbury, MD"
24510,"Baltimore, MD"
25001,"Boston, MA (Manchester, NH)"
25003,"Albany-Schenectady-Troy, NY"
25005,"Providence, RI-New Bedford, MA"
25007,"Boston, MA (Manchester, NH)"
25009,"Boston, MA (Manchester, NH)"
25011,"Springfield-Holyoke, MA"
25013,"Springfield-Holyoke, MA"
25015,"Springfield-Holyoke, MA"
25017,"Boston, MA (Manchester, NH)"
25019,"Boston, MA (Manchester, NH)"
25021,"Boston, MA (Manchester, NH)"
25023,"Boston, MA (Manchester, NH)"
25025,"Boston, MA (Manchester, NH)"
25027,"Boston, MA (Manchester, NH)"
26001,"Alpena, MI"
26003,"Marquette, MI"
26005,"Grand Rapids-Kalamazoo-Battle Creek, MI"
26007,"Alpena, MI"
26009,"Traverse City-Cadillac, MI"
26011,"Flint-Saginaw-Bay City, MI"
26013,"Marquette, MI"
26015,"Grand Rapids-Kalamazoo-Battle Creek, MI"
26017,"Flint-Saginaw-Bay City, MI"
26019,"Traverse City-Cadillac, MI"
26021,"South Bend-Elkhart, IN"
26023,"Grand Rapids-Kalamazoo-Battle Creek, MI"
26025,"Grand Rapids-Kalamazoo-Battle Creek, MI"
26027,"South Bend-Elkhart, IN"
26029,"Traverse City-Cadillac, MI"
26031,"Traverse City-Cadillac, MI"
26033,"Traverse City-Cadillac, MI"
26035,"Traverse City-Cadillac, MI"
26037,"Lansing, MI"
26039,"Traverse City-Cadillac, MI"
26041,"Marquette, MI"
26043,"Marquette, MI"
26045,"Lansing, MI"
26047,"Traverse City-Cadillac, MI"
26049,"Flint-Saginaw-Bay City, MI"
26051,"Flint-Saginaw-Bay City, MI"
26053,"Duluth, MN-Superior, WI"
26055,"Traverse City-Cadillac, MI"
26057,"Flint-Saginaw-Bay City, MI"
26059,"Lansing, MI"
26061,"Marquette, MI"
26063,"Flint-Saginaw-Bay City, MI"
26065,"Lansing, MI"
26067,"Grand Rapids-Kalamazoo-Battle Creek, MI"
26069,"Flint-Saginaw-Bay City, MI"
26071,"Marquette, MI"
26073,"Flint-Saginaw-Bay City, MI"
26075,"Lansing, MI"
26077,"Grand Rapids-Kalamazoo-Battle Creek, MI"
26079,"Traverse City-Cadillac, MI"
26081,"Grand Rapids-Kalamazoo-Battle Creek, MI"
26083,"Marquette, MI"
26085,"Traverse City-Cadillac, MI"
26087,"Detroit, MI"
26089,"Traverse City-Cadillac, MI"
26091,"Toledo, OH"
26093,"Detroit, MI"
26095,"Traverse City-Cadillac, MI"
26097,"Traverse City-Cadillac, MI"
26099,"Detroit, MI"
26101,"Traverse City-Cadillac, MI"
26103,"Marquette, MI"
26105,"Traverse City-Cadillac, MI"
26107,"Traverse City-Cadillac, MI"
26109,"Green Bay-Appleton, WI"
26111,"Flint-Saginaw-Bay City, MI"
26113,"Traverse City-Cadillac, MI"
26115,"Detroit, MI"
26117,"Grand Rapids-Kalamazoo-Battle Creek, MI"
26119,"Traverse City-Cadillac, MI"
26121,"Grand Rapids-Kalamazoo-Battle Creek, MI"
26123,"Grand Rapids-Kalamazoo-Battle Creek, MI"
26125,"Detroit, MI"
26127,"Grand Rapids-Kalamazoo-Battle Creek, MI"
26129,"Flint-Saginaw-Bay City, MI"
26131,"Marquette, MI"
26133,"Traverse City-Cadillac, MI"
26135,"Traverse City-Cadillac, MI"
26137,"Traverse City-Cadillac, MI"
26139,"Grand Rapids-Kalamazoo-Battle Creek, MI"
26141,"Traverse City-Cadillac, MI"
26143,"Traverse City-Cadillac, MI"
26145,"Flint-Saginaw-Bay City, MI"
26147,"Detroit, MI"
26149,"Grand Rapids-Kalamazoo-Battle Creek, MI"
26151,"Detroit, MI"
26153,"Marquette, MI"
26155,"Flint-Saginaw-Bay City, MI"
26157,"Flint-Saginaw-Bay City, MI"
26159,"Grand Rapids-Kalamazoo-Battle Creek, MI"
26161,"Detroit, MI"
26163,"Detroit, MI"
26165,"Traverse City-Cadillac, MI"
27001,"Duluth, MN-Superior, WI"
27003,"Minneapolis-St. Paul, MN"
27005,"Fargo-Valley City, ND"
27007,"Minneapolis-St. Paul, MN"
27009,"Minneapolis-St. Paul, MN"
27011,"Minneapolis-St. Paul, MN"
27013,"Mankato, MN"
27015,"Mankato, MN"
27017,"Duluth, MN-Superior, WI"
27019,"Minneapolis-St. Paul, MN"
27021,"Minneapolis-St. Paul, MN"
27023,"Minneapolis-St. Paul, MN"
27025,"Minneapolis-St. Paul, MN"
27027,"Fargo-Valley City, ND"
27029,"Fargo-Valley City, ND"
27031,"Duluth, MN-Superior, WI"
27033,"Minneapolis-St. Paul, MN"
27035,"Minneapolis-St. Paul, MN"
27037,"Minneapolis-St. Paul, MN"
27039,"Rochester, MN-Mason City, IA-Austin, MN"
27041,"Minneapolis-St. Paul, MN"
27043,"Minneapolis-St. Paul, MN"
27045,"Rochester, MN-Mason City, IA-Austin, MN"
27047,"Rochester, MN-Mason City, IA-Austin, MN"
27049,"Minneapolis-St. Paul, MN"
27051,"Minneapolis-St. Paul, MN"
27053,"Minneapolis-St. Paul, MN"
27055,"La Crosse-Eau Claire, WI"
27057,"Minneapolis-St. Paul, MN"
27059,"Minneapolis-St. Paul, MN"
27061,"Duluth, MN-Superior, WI"
27063,"Minneapolis-St. Paul, MN"
27065,"Minneapolis-St. Paul, MN"
27067,"Minneapolis-St. Paul, MN"
27069,"Fargo-Valley City, ND"
27071,"Duluth, MN-Superior, WI"
27073,"Minneapolis-St. Paul, MN"
27075,"Duluth, MN-Superior, WI"
27077,"Fargo-Valley City, ND"
27079,"Minneapolis-St. Paul, MN"
27081,"Sioux Falls (Mitchell), SD"
27083,"Minneapolis-St. Paul, MN"
27085,"Minneapolis-St. Paul, MN"
27087,"Fargo-Valley City, ND"
27089,"Fargo-Valley City, ND"
27091,"Mankato, MN"
27093,"Minneapolis-St. Paul, MN"
27095,"Minneapolis-St. Paul, MN"
27097,"Minneapolis-St. Paul, MN"
27099,"Rochester, MN-Mason City, IA-Austin, MN"
27101,"Sioux Falls (Mitchell), SD"
27103,"Minneapolis-St. Paul, MN"
27105,"Sioux Falls (Mitchell), SD"
27107,"Fargo-Valley City, ND"
27109,"Rochester, MN-Mason City, IA-Austin, MN"
27111,"Fargo-Valley City, ND"
27113,"Fargo-Valley City, ND"
27115,"Minneapolis-St. Paul, MN"
27117,"Sioux Falls (Mitchell), SD"
27119,"Fargo-Valley City, ND"
27121,"Minneapolis-St. Paul, MN"
27123,"Minneapolis-St. Paul, MN"
27125,"Fargo-Valley City, ND"
27127,"Minneapolis-St. Paul, MN"
27129,"Minneapolis-St. Paul, MN"
27131,"Minneapolis-St. Paul, MN"
27133,"Sioux Falls (Mitchell), SD"
27135,"Fargo-Valley City, ND"
27137,"Duluth, MN-Superior, WI"
27139,"Minneapolis-St. Paul, MN"
27141,"Minneapolis-St. Paul, MN"
27143,"Minneapolis-St. Paul, MN"
27145,"Minneapolis-St. Paul, MN"
27147,"Minneapolis-St. Paul, MN"
27149,"Minneapolis-St. Paul, MN"
27151,"Minneapolis-St. Paul, MN"
27153,"Minneapolis-St. Paul, MN"
27155,"Minneapolis-St. Paul, MN"
27157,"Minneapolis-St. Paul, MN"
27159,"Minneapolis-St. Paul, MN"
27161,"Minneapolis-St. Paul, MN"
27163,"Minneapolis-St. Paul, MN"
27165,"Mankato, MN"
27167,"Fargo-Valley City, ND"
27169,"La Crosse-Eau Claire, WI"
27171,"Minneapolis-St. Paul, MN"
27173,"Minneapolis-St. Paul, MN"
28001,"Jackson, MS"
28003,"Memphis, TN"
28005,"Baton Rouge, LA"
28007,"Jackson, MS"
28009,"Memphis, TN"
28011,"Greenwood-Greenville, MS"
28013,"Columbus-Tupelo-West Point, MS"
28015,"Greenwood-Greenville, MS"
28017,"Columbus-Tupelo-West Point, MS"
28019,"Columbus-Tupelo-West Point, MS"
28021,"Jackson, MS"
28023,"Meridian, MS"
28025,"Columbus-Tupelo-West Point, MS"
28027,"Memphis, TN"
28029,"Jackson, MS"
28031,"Hattiesburg-Laurel, MS"
28033,"Memphis, TN"
28035,"Hattiesburg-Laurel, MS"
28037,"Jackson, MS"
28039,"Mobile, AL-Pensacola (Ft. Walton Beach), FL"
28041,"Mobile, AL-Pensacola (Ft. Walton Beach), FL"
28043,"Greenwood-Greenville, MS"
28045,"New Orleans, LA"
28047,"Biloxi-Gulfport, MS"
28049,"Jackson, MS"
28051,"Jackson, MS"
28053,"Jackson, MS"
28055,"Jackson, MS"
28057,"Columbus-Tupelo-West Point, MS"
28059,"Biloxi-Gulfport, MS"
28061,"Hattiesburg-Laurel, MS"
28063,"Jackson, MS"
28065,"Jackson, MS"
28067,"Hattiesburg-Laurel, MS"
28069,"Meridian, MS"
28071,"Memphis, TN"
28073,"Hattiesburg-Laurel, MS"
28075,"Meridian, MS"
28077,"Jackson, MS"
28079,"Jackson, MS"
28081,"Columbus-Tupelo-West Point, MS"
28083,"Greenwood-Greenville, MS"
28085,"Jackson, MS"
28087,"Columbus-Tupelo-West Point, MS"
28089,"Jackson, MS"
28091,"Hattiesburg-Laurel, MS"
28093,"Memphis, TN"
28095,"Columbus-Tupelo-West Point, MS"
28097,"Columbus-Tupelo-West Point, MS"
28099,"Meridian, MS"
28101,"Meridian, MS"
28103,"Columbus-Tupelo-West Point, MS"
28105,"Columbus-Tupelo-West Point, MS"
28107,"Memphis, TN"
28109,"New Orleans, LA"
28111,"Hattiesburg-Laurel, MS"
28113,"Jackson, MS"
28115,"Columbus-Tupelo-West Point, MS"
28117,"Columbus-Tupelo-West Point, MS"
28119,"Memphis, TN"
28121,"Jackson, MS"
28123,"Jackson, MS"
28125,"Jackson, MS"
28127,"Jackson, MS"
28129,"Jackson, MS"
28131,"Biloxi-Gulfport, MS"
28133,"Greenwood-Greenville, MS"
28135,"Greenwood-Greenville, MS"
28137,"Memphis, TN"
28139,"Memphis, TN"
28141,"Columbus-Tupelo-West Point, MS"
28143,"Memphis, TN"
28145,"Columbus-Tupelo-West Point, MS"
28147,"Jackson, MS"
28149,"Jackson, MS"
28151,"Greenwood-Greenville, MS"
28153,"Hattiesburg-Laurel, MS"
28155,"Columbus-Tupelo-West Point, MS"
28157,"Baton Rouge, LA"
28159,"Columbus-Tupelo-West Point, MS"
28161,"Columbus-Tupelo-West Point, MS"
28163,"Jackson, MS"
29001,"Ottumwa, IA-Kirksville, MO"
29003,"St. Joseph, MO"
29005,"Omaha, NE"
29007,"Columbia-Jefferson City, MO"
29009,"Springfield, MO"
29011,"Joplin, MO-Pittsburg, KS"
29013,"Kansas City, MO"
29015,"Springfield, MO"
29017,"Paducah, KY-Cape Girardeau, MO-Harrisburg, IL"
29019,"Columbia-Jefferson City, MO"
29021,"St. Joseph, MO"
29023,"Paducah, KY-Cape Girardeau, MO-Harrisburg, IL"
29025,"Kansas City, MO"
29027,"Columbia-Jefferson City, MO"
29029,"Springfield, MO"
29031,"Paducah, KY-Cape Girardeau, MO-Harrisburg, IL"
29033,"Kansas City, MO"
29035,"Paducah, KY-Cape Girardeau, MO-Harrisburg, IL"
29037,"Kansas City, MO"
29039,"Springfield, MO"
29041,"Columbia-Jefferson City, MO"
29043,"Springfield, MO"
29045,"Quincy, IL-Hannibal, MO-Keokuk, IA"
29047,"Kansas City, MO"
29049,"Kansas City, MO"
29051,"Columbia-Jefferson City, MO"
29053,"Columbia-Jefferson City, MO"
29055,"St. Louis, MO"
29057,"Springfield, MO"
29059,"Springfield, MO"
29061,"Kansas City, MO"
29063,"St. Joseph, MO"
29065,"Springfield, MO"
29067,"Springfield, MO"
29069,"Paducah, KY-Cape Girardeau, MO-Harrisburg, IL"
29071,"St. Louis, MO"
29073,"St. Louis, MO"
29075,"Kansas City, MO"
29077,"Springfield, MO"
29079,"Kansas City, MO"
29081,"Kansas City, MO"
29083,"Kansas City, MO"
29085,"Springfield, MO"
29087,"St. Joseph, MO"
29089,"Columbia-Jefferson City, MO"
29091,"Springfield, MO"
29093,"St. Louis, MO"
29095,"Kansas City, MO"
29097,"Joplin, MO-Pittsburg, KS"
29099,"St. Louis, MO"
29101,"Kansas City, MO"
29103,"Quincy, IL-Hannibal, MO-Keokuk, IA"
29105,"Springfield, MO"
29107,"Kansas City, MO"
29109,"Springfield, MO"
29111,"Quincy, IL-Hannibal, MO-Keokuk, IA"
29113,"St. Louis, MO"
29115,"Kansas City, MO"
29117,"Kansas City, MO"
29119,"Joplin, MO-Pittsburg, KS"
29121,"Ottumwa, IA-Kirksville, MO"
29123,"Paducah, KY-Cape Girardeau, MO-Harrisburg, IL"
29125,"Columbia-Jefferson City, MO"
29127,"Quincy, IL-Hannibal, MO-Keokuk, IA"
29129,"Des Moines-Ames, IA"
29131,"Columbia-Jefferson City, MO"
29133,"Paducah, KY-Cape Girardeau, MO-Harrisburg, IL"
29135,"Columbia-Jefferson City, MO"
29137,"Quincy, IL-Hannibal, MO-Keokuk, IA"
29139,"Columbia-Jefferson City, MO"
29141,"Columbia-Jefferson City, MO"
29143,"Paducah, KY-Cape Girardeau, MO-Harrisburg, IL"
29145,"Joplin, MO-Pittsburg, KS"
29147,"St. Joseph, MO"
29149,"Springfield, MO"
29151,"Columbia-Jefferson City, MO"
29153,"Springfield, MO"
29155,"Memphis, TN"
29157,"Paducah, KY-Cape Girardeau, MO-Harrisburg, IL"
29159,"Kansas City, MO"
29161,"Springfield, MO"
29163,"St. Louis, MO"
29165,"Kansas City, MO"
29167,"Springfield, MO"
29169,"Springfield, MO"
29171,"Ottumwa, IA-Kirksville, MO"
29173,"Quincy, IL-Hannibal, MO-Keokuk, IA"
29175,"Columbia-Jefferson City, MO"
29177,"Kansas City, MO"
29179,"Paducah, KY-Cape Girardeau, MO-Harrisburg, IL"
29181,"Paducah, KY-Cape Girardeau, MO-Harrisburg, IL"
29183,"St. Louis, MO"
29185,"Springfield, MO"
29186,"St. Louis, MO"
29187,"St. Louis, MO"
29189,"St. Louis, MO"
29195,"Kansas City, MO"
29197,"Ottumwa, IA-Kirksville, MO"
29199,"Quincy, IL-Hannibal, MO-Keokuk, IA"
29201,"Paducah, KY-Cape Girardeau, MO-Harrisburg, IL"
29203,"Springfield, MO"
29205,"Quincy, IL-Hannibal, MO-Keokuk, IA"
29207,"Paducah, KY-Cape Girardeau, MO-Harrisburg, IL"
29209,"Springfield, MO"
29211,"Ottumwa, IA-Kirksville, MO"
29213,"Springfield, MO"
29215,"Springfield, MO"
29217,"Joplin, MO-Pittsburg, KS"
29219,"St. Louis, MO"
29221,"St. Louis, MO"
29223,"Paducah, KY-Cape Girardeau, MO-Harrisburg, IL"
29225,"Springfield, MO"
29227,"St. Joseph, MO"
29229,"Springfield, MO"
29510,"St. Louis, MO"
30001,"Butte-Bozeman, MT"
30003,"Billings, MT"
30005,"Great Falls, MT"
30007,"Butte-Bozeman, MT"
30009,"Billings, MT"
30011,"Rapid City, SD"
30013,"Great Falls, MT"
30015,"Great Falls, MT"
30017,"Billings, MT"
30019,"Minot-Bismarck-Dickinson(Williston), ND"
30021,"Glendive, MT"
30023,"Butte-Bozeman, MT"
30025,"Glendive, MT"
30027,"Great Falls, MT"
30029,"Missoula, MT"
30031,"Butte-Bozeman, MT"
30033,"Billings, MT"
30035,"Great Falls, MT"
30037,"Billings, MT"
30039,"Missoula, MT"
30041,"Great Falls, MT"
30043,"Butte-Bozeman, MT"
30045,"Great Falls, MT"
30047,"Missoula, MT"
30049,"Helena, MT"
30051,"Great Falls, MT"
30053,"Spokane, WA"
30055,"Minot-Bismarck-Dickinson(Williston), ND"
30057,"Butte-Bozeman, MT"
30059,"Billings, MT"
30061,"Missoula, MT"
30063,"Missoula, MT"
30065,"Billings, MT"
30067,"Billings, MT"
30069,"Billings, MT"
30071,"Great Falls, MT"
30073,"Great Falls, MT"
30075,"Billings, MT"
30077,"Butte-Bozeman, MT"
30079,"Glendive, MT"
30081,"Missoula, MT"
30083,"Minot-Bismarck-Dickinson(Williston), ND"
30085,"Minot-Bismarck-Dickinson(Williston), ND"
30087,"Billings, MT"
30089,"Missoula, MT"
30091,"Minot-Bismarck-Dickinson(Williston), ND"
30093,"Butte-Bozeman, MT"
30095,"Billings, MT"
30097,"Billings, MT"
30099,"Great Falls, MT"
30101,"Great Falls, MT"
30103,"Billings, MT"
30105,"Great Falls, MT"
30107,"Billings, MT"
30109,"Minot-Bismarck-Dickinson(Williston), ND"
30111,"Billings, MT"
31001,"Lincoln & Hastings-Kearney, NE"
31003,"Lincoln & Hastings-Kearney, NE"
31005,"North Platte, NE"
31007,"Rapid City, SD"
31009,"North Platte, NE"
31011,"Lincoln & Hastings-Kearney, NE"
31013,"Denver, CO"
31015,"Lincoln & Hastings-Kearney, NE"
31017,"Lincoln & Hastings-Kearney, NE"
31019,"Lincoln & Hastings-Kearney, NE"
31021,"Omaha, NE"
31023,"Omaha, NE"
31025,"Omaha, NE"
31027,"Sioux City, IA"
31029,"Lincoln & Hastings-Kearney, NE"
31031,"Sioux Falls (Mitchell), SD"
31033,"Denver, CO"
31035,"Lincoln & Hastings-Kearney, NE"
31037,"Omaha, NE"
31039,"Omaha, NE"
31041,"Lincoln & Hastings-Kearney, NE"
31043,"Sioux City, IA"
31045,"Denver, CO"
31047,"Lincoln & Hastings-Kearney, NE"
31049,"Denver, CO"
31051,"Sioux City, IA"
31053,"Omaha, NE"
31055,"Omaha, NE"
31057,"Wichita Falls, TX-Lawton, OK"
31059,"Lincoln & Hastings-Kearney, NE"
31061,"Lincoln & Hastings-Kearney, NE"
31063,"Lincoln & Hastings-Kearney, NE"
31065,"Lincoln & Hastings-Kearney, NE"
31067,"Lincoln & Hastings-Kearney, NE"
31069,"Denver, CO"
31071,"Lincoln & Hastings-Kearney, NE"
31073,"Lincoln & Hastings-Kearney, NE"
31075,"Rapid City, SD"
31077,"Lincoln & Hastings-Kearney, NE"
31079,"Lincoln & Hastings-Kearney, NE"
31081,"Lincoln & Hastings-Kearney, NE"
31083,"Lincoln & Hastings-Kearney, NE"
31085,"Lincoln & Hastings-Kearney, NE"
31087,"Lincoln & Hastings-Kearney, NE"
31089,"Lincoln & Hastings-Kearney, NE"
31091,"North Platte, NE"
31093,"Lincoln & Hastings-Kearney, NE"
31095,"Lincoln & Hastings-Kearney, NE"
31097,"Omaha, NE"
31099,"Lincoln & Hastings-Kearney, NE"
31101,"Denver, CO"
31103,"Lincoln & Hastings-Kearney, NE"
31105,"Denver, CO"
31107,"Sioux City, IA"
31109,"Lincoln & Hastings-Kearney, NE"
31111,"North Platte, NE"
31113,"North Platte, NE"
31115,"Lincoln & Hastings-Kearney, NE"
31117,"North Platte, NE"
31119,"Sioux City, IA"
31121,"Lincoln & Hastings-Kearney, NE"
31123,"Rapid City, SD"
31125,"Lincoln & Hastings-Kearney, NE"
31127,"Omaha, NE"
31129,"Lincoln & Hastings-Kearney, NE"
31131,"Omaha, NE"
31133,"Omaha, NE"
31135,"Lincoln & Hastings-Kearney, NE"
31137,"Lincoln & Hastings-Kearney, NE"
31139,"Sioux City, IA"
31141,"Omaha, NE"
31143,"Lincoln & Hastings-Kearney, NE"
31145,"Lincoln & Hastings-Kearney, NE"
31147,"Omaha, NE"
31149,"Lincoln & Hastings-Kearney, NE"
31151,"Lincoln & Hastings-Kearney, NE"
31153,"Omaha, NE"
31155,"Omaha, NE"
31157,"Cheyenne, WY-Scottsbluff, NE"
31159,"Lincoln & Hastings-Kearney, NE"
31161,"Rapid City, SD"
31163,"Lincoln & Hastings-Kearney, NE"
31165,"Rapid City, SD"
31167,"Sioux City, IA"
31169,"Lincoln & Hastings-Kearney, NE"
31171,"North Platte, NE"
31173,"Sioux City, IA"
31175,"Lincoln & Hastings-Kearney, NE"
31177,"Omaha, NE"
31179,"Sioux City, IA"
31181,"Lincoln & Hastings-Kearney, NE"
31183,"Lincoln & Hastings-Kearney, NE"
31185,"Lincoln & Hastings-Kearney, NE"
32001,"Reno, NV"
32003,"Las Vegas, NV"
32005,"Reno, NV"
32007,"Salt Lake City, UT"
32009,"Reno, NV"
32011,"Denver, CO"
32013,"Reno, NV"
32015,"Reno, NV"
32017,"Las Vegas, NV"
32019,"Reno, NV"
32021,"Reno, NV"
32023,"Las Vegas, NV"
32027,"Reno, NV"
32029,"Reno, NV"
32031,"Reno, NV"
32033,"Salt Lake City, UT"
32510,"Reno, NV"
33001,"Boston, MA (Manchester, NH)"
33003,"Portland-Auburn, ME"
33005,"Boston, MA (Manchester, NH)"
33007,"Portland-Auburn, ME"
33009,"Burlington, VT-Plattsburgh, NY"
33011,"Boston, MA (Manchester, NH)"
33013,"Boston, MA (Manchester, NH)"
33015,"Boston, MA (Manchester, NH)"
33017,"Boston, MA (Manchester, NH)"
33019,"Burlington, VT-Plattsburgh, NY"
34001,"Philadelphia, PA"
34003,"New York, NY"
34005,"Philadelphia, PA"
34007,"Philadelphia, PA"
34009,"Philadelphia, PA"
34011,"Philadelphia, PA"
34013,"New York, NY"
34015,"Philadelphia, PA"
34017,"New York, NY"
34019,"New York, NY"
34021,"Philadelphia, PA"
34023,"New York, NY"
34025,"New York, NY"
34027,"New York, NY"
34029,"New York, NY"
34031,"New York, NY"
34033,"Philadelphia, PA"
34035,"New York, NY"
34037,"New York, NY"
34039,"New York, NY"
34041,"New York, NY"
35001,"Albuquerque-Santa Fe, NM"
35003,"Albuquerque-Santa Fe, NM"
35005,"Albuquerque-Santa Fe, NM"
35006,"Albuquerque-Santa Fe, NM"
35007,"Albuquerque-Santa Fe, NM"
35009,"Amarillo, TX"
35011,"Albuquerque-Santa Fe, NM"
35013,"El Paso, TX"
35015,"Albuquerque-Santa Fe, NM"
35017,"Albuquerque-Santa Fe, NM"
35019,"Albuquerque-Santa Fe, NM"
35021,"Albuquerque-Santa Fe, NM"
35023,"Albuquerque-Santa Fe, NM"
35025,"Albuquerque-Santa Fe, NM"
35027,"Albuquerque-Santa Fe, NM"
35028,"Albuquerque-Santa Fe, NM"
35029,"Albuquerque-Santa Fe, NM"
35031,"Albuquerque-Santa Fe, NM"
35033,"Albuquerque-Santa Fe, NM"
35035,"Albuquerque-Santa Fe, NM"
35037,"Amarillo, TX"
35039,"Albuquerque-Santa Fe, NM"
35041,"Amarillo, TX"
35043,"Albuquerque-Santa Fe, NM"
35045,"Albuquerque-Santa Fe, NM"
35047,"Albuquerque-Santa Fe, NM"
35049,"Albuquerque-Santa Fe, NM"
35051,"Albuquerque-Santa Fe, NM"
35053,"Albuquerque-Santa Fe, NM"
35055,"Albuquerque-Santa Fe, NM"
35057,"Albuquerque-Santa Fe, NM"
35059,"Amarillo, TX"
35061,"Albuquerque-Santa Fe, NM"
36001,"Albany-Schenectady-Troy, NY"
36003,"Buffalo, NY"
36005,"New York, NY"
36007,"Binghamton, NY"
36009,"Buffalo, NY"
36011,"Syracuse, NY"
36013,"Buffalo, NY"
36015,"Elmira, NY"
36017,"Binghamton, NY"
36019,"Burlington, VT-Plattsburgh, NY"
36021,"Albany-Schenectady-Troy, NY"
36023,"Syracuse, NY"
36025,"Binghamton, NY"
36027,"New York, NY"
36029,"Buffalo, NY"
36031,"Burlington, VT-Plattsburgh, NY"
36033,"Burlington, VT-Plattsburgh, NY"
36035,"Albany-Schenectady-Troy, NY"
36037,"Buffalo, NY"
36039,"Albany-Schenectady-Troy, NY"
36041,"Albany-Schenectady-Troy, NY"
36043,"Utica, NY"
36045,"Watertown, NY"
36047,"New York, NY"
36049,"Watertown, NY"
36051,"Rochester, NY"
36053,"Syracuse, NY"
36055,"Rochester, NY"
36057,"Albany-Schenectady-Troy, NY"
36059,"New York, NY"
36061,"New York, NY"
36063,"Buffalo, NY"
36065,"Utica, NY"
36067,"Syracuse, NY"
36069,"Rochester, NY"
36071,"New York, NY"
36073,"Buffalo, NY"
36075,"Syracuse, NY"
36077,"Utica, NY"
36079,"New York, NY"
36081,"New York, NY"
36083,"Albany-Schenectady-Troy, NY"
36085,"New York, NY"
36087,"New York, NY"
36089,"Watertown, NY"
36091,"Albany-Schenectady-Troy, NY"
36093,"Albany-Schenectady-Troy, NY"
36095,"Albany-Schenectady-Troy, NY"
36097,"Elmira, NY"
36099,"Syracuse, NY"
36101,"Elmira, NY"
36103,"New York, NY"
36105,"New York, NY"
36107,"Binghamton, NY"
36109,"Syracuse, NY"
36111,"New York, NY"
36113,"Albany-Schenectady-Troy, NY"
36115,"Albany-Schenectady-Troy, NY"
36117,"Rochester, NY"
36119,"New York, NY"
36121,"Buffalo, NY"
36123,"Rochester, NY"
37001,"Greensboro-High Point-Winston Salem, NC"
37003,"Charlotte, NC"
37005,"Greensboro-High Point-Winston Salem, NC"
37007,"Charlotte, NC"
37009,"Charlotte, NC"
37011,"Charlotte, NC"
37013,"Greenville-New Bern-Washington, NC"
37015,"Greenville-New Bern-Washington, NC"
37017,"Wilmington, NC"
37019,"Wilmington, NC"
37021,"Greenville-Spartanburg, SC-Asheville, NC-Anderson,SC"
37023,"Charlotte, NC"
37025,"Charlotte, NC"
37027,"Charlotte, NC"
37029,"Norfolk-Portsmouth-Newport News, VA"
37031,"Greenville-New Bern-Washington, NC"
37033,"Greensboro-High Point-Winston Salem, NC"
37035,"Charlotte, NC"
37037,"Raleigh-Durham (Fayetteville), NC"
37039,"Chattanooga, TN"
37041,"Norfolk-Portsmouth-Newport News, VA"
37043,"Atlanta, GA"
37045,"Charlotte, NC"
37047,"Wilmington, NC"
37049,"Greenville-New Bern-Washington, NC"
37051,"Raleigh-Durham (Fayetteville), NC"
37053,"Norfolk-Portsmouth-Newport News, VA"
37055,"Norfolk-Portsmouth-Newport News, VA"
37057,"Greensboro-High Point-Winston Salem, NC"
37059,"Greensboro-High Point-Winston Salem, NC"
37061,"Greenville-New Bern-Washington, NC"
37063,"Raleigh-Durham (Fayetteville), NC"
37065,"Raleigh-Durham (Fayetteville), NC"
37067,"Greensboro-High Point-Winston Salem, NC"
37069,"Raleigh-Durham (Fayetteville), NC"
37071,"Charlotte, NC"
37073,"Norfolk-Portsmouth-Newport News, VA"
37075,"Greenville-Spartanburg, SC-Asheville, NC-Anderson,SC"
37077,"Raleigh-Durham (Fayetteville), NC"
37079,"Greenville-New Bern-Washington, NC"
37081,"Greensboro-High Point-Winston Salem, NC"
37083,"Raleigh-Durham (Fayetteville), NC"
37085,"Raleigh-Durham (Fayetteville), NC"
37087,"Greenville-Spartanburg, SC-Asheville, NC-Anderson,SC"
37089,"Greenville-Spartanburg, SC-Asheville, NC-Anderson,SC"
37091,"Norfolk-Portsmouth-Newport News, VA"
37093,"Raleigh-Durham (Fayetteville), NC"
37095,"Greenville-New Bern-Washington, NC"
37097,"Charlotte, NC"
37099,"Greenville-Spartanburg, SC-Asheville, NC-Anderson,SC"
37101,"Raleigh-Durham (Fayetteville), NC"
37103,"Greenville-New Bern-Washington, NC"
37105,"Raleigh-Durham (Fayetteville), NC"
37107,"Greenville-New Bern-Washington, NC"
37109,"Charlotte, NC"
37111,"Greenville-Spartanburg, SC-Asheville, NC-Anderson,SC"
37113,"Greenville-Spartanburg, SC-Asheville, NC-Anderson,SC"
37115,"Greenville-Spartanburg, SC-Asheville, NC-Anderson,SC"
37117,"Greenville-New Bern-Washington, NC"
37119,"Charlotte, NC"
37121,"Greenville-Spartanburg, SC-Asheville, NC-Anderson,SC"
37123,"Greensboro-High Point-Winston Salem, NC"
37125,"Raleigh-Durham (Fayetteville), NC"
37127,"Raleigh-Durham (Fayetteville), NC"
37129,"Wilmington, NC"
37131,"Raleigh-Durham (Fayetteville), NC"
37133,"Greenville-New Bern-Washington, NC"
37135,"Raleigh-Durham (Fayetteville), NC"
37137,"Greenville-New Bern-Washington, NC"
37139,"Norfolk-Portsmouth-Newport News, VA"
37141,"Wilmington, NC"
37143,"Norfolk-Portsmouth-Newport News, VA"
37145,"Raleigh-Durham (Fayetteville), NC"
37147,"Greenville-New Bern-Washington, NC"
37149,"Greenville-Spartanburg, SC-Asheville, NC-Anderson,SC"
37151,"Greensboro-High Point-Winston Salem, NC"
37153,"Charlotte, NC"
37155,"Myrtle Beach-Florence, SC"
37157,"Greensboro-High Point-Winston Salem, NC"
37159,"Charlotte, NC"
37161,"Greenville-Spartanburg, SC-Asheville, NC-Anderson,SC"
37163,"Raleigh-Durham (Fayetteville), NC"
37165,"Myrtle Beach-Florence, SC"
37167,"Charlotte, NC"
37169,"Greensboro-High Point-Winston Salem, NC"
37171,"Greensboro-High Point-Winston Salem, NC"
37173,"Greenville-Spartanburg, SC-Asheville, NC-Anderson,SC"
37175,"Greenville-Spartanburg, SC-Asheville, NC-Anderson,SC"
37177,"Greenville-New Bern-Washington, NC"
37179,"Charlotte, NC"
37181,"Raleigh-Durham (Fayetteville), NC"
37183,"Raleigh-Durham (Fayetteville), NC"
37185,"Raleigh-Durham (Fayetteville), NC"
37187,"Greenville-New Bern-Washington, NC"
37189,"Charlotte, NC"
37191,"Raleigh-Durham (Fayetteville), NC"
37193,"Greensboro-High Point-Winston Salem, NC"
37195,"Raleigh-Durham (Fayetteville), NC"
37197,"Greensboro-High Point-Winston Salem, NC"
37199,"Greenville-Spartanburg, SC-Asheville, NC-Anderson,SC"
38001,"Minot-Bismarck-Dickinson(Williston), ND"
38003,"Fargo-Valley City, ND"
38005,"Fargo-Valley City, ND"
38007,"Minot-Bismarck-Dickinson(Williston), ND"
38009,"Minot-Bismarck-Dickinson(Williston), ND"
38011,"Minot-Bismarck-Dickinson(Williston), ND"
38013,"Minot-Bismarck-Dickinson(Williston), ND"
38015,"Minot-Bismarck-Dickinson(Williston), ND"
38017,"Fargo-Valley City, ND"
38019,"Fargo-Valley City, ND"
38021,"Fargo-Valley City, ND"
38023,"Minot-Bismarck-Dickinson(Williston), ND"
38025,"Minot-Bismarck-Dickinson(Williston), ND"
38027,"Fargo-Valley City, ND"
38029,"Minot-Bismarck-Dickinson(Williston), ND"
38031,"Fargo-Valley City, ND"
38033,"Minot-Bismarck-Dickinson(Williston), ND"
38035,"Fargo-Valley City, ND"
38037,"Minot-Bismarck-Dickinson(Williston), ND"
38039,"Fargo-Valley City, ND"
38041,"Minot-Bismarck-Dickinson(Williston), ND"
38043,"Minot-Bismarck-Dickinson(Williston), ND"
38045,"Fargo-Valley City, ND"
38047,"Minot-Bismarck-Dickinson(Williston), ND"
38049,"Minot-Bismarck-Dickinson(Williston), ND"
38051,"Minot-Bismarck-Dickinson(Williston), ND"
38053,"Minot-Bismarck-Dickinson(Williston), ND"
38055,"Minot-Bismarck-Dickinson(Williston), ND"
38057,"Minot-Bismarck-Dickinson(Williston), ND"
38059,"Minot-Bismarck-Dickinson(Williston), ND"
38061,"Minot-Bismarck-Dickinson(Williston), ND"
38063,"Fargo-Valley City, ND"
38065,"Minot-Bismarck-Dickinson(Williston), ND"
38067,"Fargo-Valley City, ND"
38069,"Minot-Bismarck-Dickinson(Williston), ND"
38071,"Fargo-Valley City, ND"
38073,"Fargo-Valley City, ND"
38075,"Minot-Bismarck-Dickinson(Williston), ND"
38077,"Fargo-Valley City, ND"
38079,"Minot-Bismarck-Dickinson(Williston), ND"
38081,"Fargo-Valley City, ND"
38083,"Minot-Bismarck-Dickinson(Williston), ND"
38085,"Minot-Bismarck-Dickinson(Williston), ND"
38087,"Minot-Bismarck-Dickinson(Williston), ND"
38089,"Minot-Bismarck-Dickinson(Williston), ND"
38091,"Fargo-Valley City, ND"
38093,"Fargo-Valley City, ND"
38095,"Fargo-Valley City, ND"
38097,"Fargo-Valley City, ND"
38099,"Fargo-Valley City, ND"
38101,"Minot-Bismarck-Dickinson(Williston), ND"
38103,"Minot-Bismarck-Dickinson(Williston), ND"
38105,"Minot-Bismarck-Dickinson(Williston), ND"
39001,"Cincinnati, OH"
39003,"Lima, OH"
39005,"Cleveland-Akron (Canton), OH"
39007,"Cleveland-Akron (Canton), OH"
39009,"Charleston-Huntington, WV"
39011,"Dayton, OH"
39013,"Wheeling, WV-Steubenville, OH"
39015,"Cincinnati, OH"
39017,"Cincinnati, OH"
39019,"Cleveland-Akron (Canton), OH"
39021,"Dayton, OH"
39023,"Dayton, OH"
39025,"Cincinnati, OH"
39027,"Cincinnati, OH"
39029,"Youngstown, OH"
39031,"Columbus, OH"
39033,"Columbus, OH"
39035,"Cleveland-Akron (Canton), OH"
39037,"Dayton, OH"
39039,"Toledo, OH"
39041,"Columbus, OH"
39043,"Cleveland-Akron (Canton), OH"
39045,"Columbus, OH"
39047,"Columbus, OH"
39049,"Columbus, OH"
39051,"Toledo, OH"
39053,"Charleston-Huntington, WV"
39055,"Cleveland-Akron (Canton), OH"
39057,"Dayton, OH"
39059,"Wheeling, WV-Steubenville, OH"
39061,"Cincinnati, OH"
39063,"Toledo, OH"
39065,"Columbus, OH"
39067,"Wheeling, WV-Steubenville, OH"
39069,"Toledo, OH"
39071,"Cincinnati, OH"
39073,"Columbus, OH"
39075,"Cleveland-Akron (Canton), OH"
39077,"Cleveland-Akron (Canton), OH"
39079,"Charleston-Huntington, WV"
39081,"Wheeling, WV-Steubenville, OH"
39083,"Columbus, OH"
39085,"Cleveland-Akron (Canton), OH"
39087,"Charleston-Huntington, WV"
39089,"Columbus, OH"
39091,"Dayton, OH"
39093,"Cleveland-Akron (Canton), OH"
39095,"Toledo, OH"
39097,"Columbus, OH"
39099,"Youngstown, OH"
39101,"Columbus, OH"
39103,"Cleveland-Akron (Canton), OH"
39105,"Charleston-Huntington, WV"
39107,"Dayton, OH"
39109,"Dayton, OH"
39111,"Wheeling, WV-Steubenville, OH"
39113,"Dayton, OH"
39115,"Columbus, OH"
39117,"Columbus, OH"
39119,"Zanesville, OH"
39121,"Wheeling, WV-Steubenville, OH"
39123,"Toledo, OH"
39125,"Ft. Wayne, IN"
39127,"Columbus, OH"
39129,"Columbus, OH"
39131,"Columbus, OH"
39133,"Cleveland-Akron (Canton), OH"
39135,"Dayton, OH"
39137,"Toledo, OH"
39139,"Cleveland-Akron (Canton), OH"
39141,"Columbus, OH"
39143,"Toledo, OH"
39145,"Charleston-Huntington, WV"
39147,"Toledo, OH"
39149,"Dayton, OH"
39151,"Cleveland-Akron (Canton), OH"
39153,"Cleveland-Akron (Canton), OH"
39155,"Youngstown, OH"
39157,"Cleveland-Akron (Canton), OH"
39159,"Columbus, OH"
39161,"Ft. Wayne, IN"
39163,"Charleston-Huntington, WV"
39165,"Cincinnati, OH"
39167,"Parkersburg, WV"
39169,"Cleveland-Akron (Canton), OH"
39171,"Toledo, OH"
39173,"Toledo, OH"
39175,"Toledo, OH"
40001,"Tulsa, OK"
40003,"Oklahoma City, OK"
40005,"Sherman, TX-Ada, OK"
40007,"Amarillo, TX"
40009,"Oklahoma City, OK"
40011,"Oklahoma City, OK"
40013,"Sherman, TX-Ada, OK"
40015,"Oklahoma City, OK"
40017,"Oklahoma City, OK"
40019,"Sherman, TX-Ada, OK"
40021,"Tulsa, OK"
40023,"Sherman, TX-Ada, OK"
40025,"Amarillo, TX"
40027,"Oklahoma City, OK"
40029,"Sherman, TX-Ada, OK"
40031,"Wichita-Hutchinson, KS Plus"
40033,"Wichita-Hutchinson, KS Plus"
40035,"Tulsa, OK"
40037,"Tulsa, OK"
40039,"Oklahoma City, OK"
40041,"Tulsa, OK"
40043,"Oklahoma City, OK"
40045,"Oklahoma City, OK"
40047,"Oklahoma City, OK"
40049,"Oklahoma City, OK"
40051,"Oklahoma City, OK"
40053,"Oklahoma City, OK"
40055,"Oklahoma City, OK"
40057,"Oklahoma City, OK"
40059,"Oklahoma City, OK"
40061,"Tulsa, OK"
40063,"Oklahoma City, OK"
40065,"Wichita-Hutchinson, KS Plus"
40067,"Wichita-Hutchinson, KS Plus"
40069,"Sherman, TX-Ada, OK"
40071,"Oklahoma City, OK"
40073,"Oklahoma City, OK"
40075,"Oklahoma City, OK"
40077,"Tulsa, OK"
40079,"Ft. Smith-Fayetteville-Springdale-Rogers, AR"
40081,"Oklahoma City, OK"
40083,"Oklahoma City, OK"
40085,"Sherman, TX-Ada, OK"
40087,"Oklahoma City, OK"
40089,"Shreveport, LA"
40091,"Tulsa, OK"
40093,"Oklahoma City, OK"
40095,"Sherman, TX-Ada, OK"
40097,"Tulsa, OK"
40099,"Oklahoma City, OK"
40101,"Tulsa, OK"
40103,"Oklahoma City, OK"
40105,"Tulsa, OK"
40107,"Tulsa, OK"
40109,"Oklahoma City, OK"
40111,"Tulsa, OK"
40113,"Tulsa, OK"
40115,"Joplin, MO-Pittsburg, KS"
40117,"Tulsa, OK"
40119,"Oklahoma City, OK"
40121,"Tulsa, OK"
40123,"Sherman, TX-Ada, OK"
40125,"Oklahoma City, OK"
40127,"Sherman, TX-Ada, OK"
40129,"Oklahoma City, OK"
40131,"Tulsa, OK"
40133,"Oklahoma City, OK"
40135,"Ft. Smith-Fayetteville-Springdale-Rogers, AR"
40137,"Wichita-Hutchinson, KS Plus"
40139,"Amarillo, TX"
40141,"Wichita-Hutchinson, KS Plus"
40143,"Tulsa, OK"
40145,"Tulsa, OK"
40147,"Tulsa, OK"
40149,"Oklahoma City, OK"
40151,"Oklahoma City, OK"
40153,"Oklahoma City, OK"
41001,"Portland, OR"
41003,"Eugene, OR"
41005,"Portland, OR"
41007,"Portland, OR"
41009,"Portland, OR"
41011,"Eugene, OR"
41013,"Portland, OR"
41015,"Medford-Klamath Falls, OR"
41017,"Bend, OR"
41019,"Eugene, OR"
41021,"Portland, OR"
41023,"Boise, ID"
41025,"Portland, OR"
41027,"Portland, OR"
41029,"Medford-Klamath Falls, OR"
41031,"Portland, OR"
41033,"Medford-Klamath Falls, OR"
41035,"Medford-Klamath Falls, OR"
41037,"Medford-Klamath Falls, OR"
41039,"Eugene, OR"
41041,"Portland, OR"
41043,"Portland, OR"
41045,"Boise, ID"
41047,"Portland, OR"
41049,"Yakima-Pasco-Richland-Kennewick, WA"
41051,"Portland, OR"
41053,"Portland, OR"
41055,"Portland, OR"
41057,"Portland, OR"
41059,"Yakima-Pasco-Richland-Kennewick, WA"
41061,"Portland, OR"
41063,"Spokane, WA"
41065,"Portland, OR"
41067,"Portland, OR"
41069,"Portland, OR"
41071,"Portland, OR"
42001,"Harrisburg-Lancaster-Lebanon-York, PA"
42003,"Pittsburgh, PA"
42005,"Pittsburgh, PA"
42007,"Pittsburgh, PA"
42009,"Johnstown-Altoona, PA"
42011,"Philadelphia, PA"
42013,"Johnstown-Altoona, PA"
42015,"Wilkes Barre-Scranton, PA"
42017,"Philadelphia, PA"
42019,"Pittsburgh, PA"
42021,"Johnstown-Altoona, PA"
42023,"Johnstown-Altoona, PA"
42025,"Wilkes Barre-Scranton, PA"
42027,"Johnstown-Altoona, PA"
42029,"Philadelphia, PA"
42031,"Pittsburgh, PA"
42033,"Johnstown-Altoona, PA"
42035,"Wilkes Barre-Scranton, PA"
42037,"Wilkes Barre-Scranton, PA"
42039,"Erie, PA"
42041,"Harrisburg-Lancaster-Lebanon-York, PA"
42043,"Harrisburg-Lancaster-Lebanon-York, PA"
42045,"Philadelphia, PA"
42047,"Johnstown-Altoona, PA"
42049,"Erie, PA"
42051,"Pittsburgh, PA"
42053,"Johnstown-Altoona, PA"
42055,"Washington, DC (Hagerstown, MD)"
42057,"Washington, DC (Hagerstown, MD)"
42059,"Pittsburgh, PA"
42061,"Johnstown-Altoona, PA"
42063,"Pittsburgh, PA"
42065,"Johnstown-Altoona, PA"
42067,"Harrisburg-Lancaster-Lebanon-York, PA"
42069,"Wilkes Barre-Scranton, PA"
42071,"Harrisburg-Lancaster-Lebanon-York, PA"
42073,"Pittsburgh, PA"
42075,"Harrisburg-Lancaster-Lebanon-York, PA"
42077,"Philadelphia, PA"
42079,"Wilkes Barre-Scranton, PA"
42081,"Wilkes Barre-Scranton, PA"
42083,"Buffalo, NY"
42085,"Youngstown, OH"
42087,"Harrisburg-Lancaster-Lebanon-York, PA"
42089,"Wilkes Barre-Scranton, PA"
42091,"Philadelphia, PA"
42093,"Wilkes Barre-Scranton, PA"
42095,"Philadelphia, PA"
42097,"Wilkes Barre-Scranton, PA"
42099,"Harrisburg-Lancaster-Lebanon-York, PA"
42101,"Philadelphia, PA"
42103,"New York, NY"
42105,"Buffalo, NY"
42107,"Wilkes Barre-Scranton, PA"
42109,"Wilkes Barre-Scranton, PA"
42111,"Johnstown-Altoona, PA"
42113,"Wilkes Barre-Scranton, PA"
42115,"Wilkes Barre-Scranton, PA"
42117,"Elmira, NY"
42119,"Wilkes Barre-Scranton, PA"
42121,"Pittsburgh, PA"
42123,"Erie, PA"
42125,"Pittsburgh, PA"
42127,"Wilkes Barre-Scranton, PA"
42129,"Pittsburgh, PA"
42131,"Wilkes Barre-Scranton, PA"
42133,"Harrisburg-Lancaster-Lebanon-York, PA"
44001,"Providence, RI-New Bedford, MA"
44003,"Providence, RI-New Bedford, MA"
44005,"Providence, RI-New Bedford, MA"
44007,"Providence, RI-New Bedford, MA"
44009,"Providence, RI-New Bedford, MA"
45001,"Greenville-Spartanburg, SC-Asheville, NC-Anderson,SC"
45003,"Augusta, GA"
45005,"Augusta, GA"
45007,"Greenville-Spartanburg, SC-Asheville, NC-Anderson,SC"
45009,"Augusta, GA"
45011,"Augusta, GA"
45013,"Savannah, GA"
45015,"Charleston, SC"
45017,"Columbia, SC"
45019,"Charleston, SC"
45021,"Greenville-Spartanburg, SC-Asheville, NC-Anderson,SC"
45023,"Charlotte, NC"
45025,"Charlotte, NC"
45027,"Columbia, SC"
45029,"Charleston, SC"
45031,"Myrtle Beach-Florence, SC"
45033,"Myrtle Beach-Florence, SC"
45035,"Charleston, SC"
45037,"Augusta, GA"
45039,"Columbia, SC"
45041,"Myrtle Beach-Florence, SC"
45043,"Charleston, SC"
45045,"Greenville-Spartanburg, SC-Asheville, NC-Anderson,SC"
45047,"Greenville-Spartanburg, SC-Asheville, NC-Anderson,SC"
45049,"Savannah, GA"
45051,"Myrtle Beach-Florence, SC"
45053,"Savannah, GA"
45055,"Columbia, SC"
45057,"Charlotte, NC"
45059,"Greenville-Spartanburg, SC-Asheville, NC-Anderson,SC"
45061,"Columbia, SC"
45063,"Columbia, SC"
45065,"Augusta, GA"
45067,"Myrtle Beach-Florence, SC"
45069,"Myrtle Beach-Florence, SC"
45071,"Columbia, SC"
45073,"Greenville-Spartanburg, SC-Asheville, NC-Anderson,SC"
45075,"Columbia, SC"
45077,"Greenville-Spartanburg, SC-Asheville, NC-Anderson,SC"
45079,"Columbia, SC"
45081,"Augusta, GA"
45083,"Greenville-Spartanburg, SC-Asheville, NC-Anderson,SC"
45085,"Columbia, SC"
45087,"Greenville-Spartanburg, SC-Asheville, NC-Anderson,SC"
45089,"Charleston, SC"
45091,"Charlotte, NC"
46003,"Sioux Falls (Mitchell), SD"
46005,"Sioux Falls (Mitchell), SD"
46007,"Rapid City, SD"
46009,"Sioux Falls (Mitchell), SD"
46011,"Sioux Falls (Mitchell), SD"
46013,"Sioux Falls (Mitchell), SD"
46015,"Sioux Falls (Mitchell), SD"
46017,"Sioux Falls (Mitchell), SD"
46019,"Rapid City, SD"
46021,"Minot-Bismarck-Dickinson(Williston), ND"
46023,"Sioux Falls (Mitchell), SD"
46025,"Sioux Falls (Mitchell), SD"
46027,"Sioux Falls (Mitchell), SD"
46029,"Sioux Falls (Mitchell), SD"
46031,"Minot-Bismarck-Dickinson(Williston), ND"
46033,"Rapid City, SD"
46035,"Sioux Falls (Mitchell), SD"
46037,"Sioux Falls (Mitchell), SD"
46039,"Sioux Falls (Mitchell), SD"
46041,"Minot-Bismarck-Dickinson(Williston), ND"
46043,"Sioux Falls (Mitchell), SD"
46045,"Sioux Falls (Mitchell), SD"
46047,"Rapid City, SD"
46049,"Sioux Falls (Mitchell), SD"
46051,"Sioux Falls (Mitchell), SD"
46053,"Sioux Falls (Mitchell), SD"
46055,"Rapid City, SD"
46057,"Sioux Falls (Mitchell), SD"
46059,"Sioux Falls (Mitchell), SD"
46061,"Sioux Falls (Mitchell), SD"
46063,"Rapid City, SD"
46065,"Sioux Falls (Mitchell), SD"
46067,"Sioux Falls (Mitchell), SD"
46069,"Sioux Falls (Mitchell), SD"
46071,"Rapid City, SD"
46073,"Sioux Falls (Mitchell), SD"
46075,"Sioux Falls (Mitchell), SD"
46077,"Sioux Falls (Mitchell), SD"
46079,"Sioux Falls (Mitchell), SD"
46081,"Rapid City, SD"
46083,"Sioux Falls (Mitchell), SD"
46085,"Sioux Falls (Mitchell), SD"
46087,"Sioux Falls (Mitchell), SD"
46089,"Sioux Falls (Mitchell), SD"
46091,"Sioux Falls (Mitchell), SD"
46093,"Rapid City, SD"
46095,"Sioux Falls (Mitchell), SD"
46097,"Sioux Falls (Mitchell), SD"
46099,"Sioux Falls (Mitchell), SD"
46101,"Sioux Falls (Mitchell), SD"
46103,"Rapid City, SD"
46105,"Minot-Bismarck-Dickinson(Williston), ND"
46107,"Sioux Falls (Mitchell), SD"
46109,"Sioux Falls (Mitchell), SD"
46111,"Sioux Falls (Mitchell), SD"
46115,"Sioux Falls (Mitchell), SD"
46117,"Sioux Falls (Mitchell), SD"
46119,"Sioux Falls (Mitchell), SD"
46121,"Sioux Falls (Mitchell), SD"
46123,"Sioux Falls (Mitchell), SD"
46125,"Sioux Falls (Mitchell), SD"
46127,"Sioux City, IA"
46129,"Sioux Falls (Mitchell), SD"
46135,"Sioux Falls (Mitchell), SD"
46137,"Rapid City, SD"
47001,"Knoxville, TN"
47003,"Nashville, TN"
47005,"Nashville, TN"
47007,"Chattanooga, TN"
47009,"Knoxville, TN"
47011,"Chattanooga, TN"
47013,"Knoxville, TN"
47015,"Nashville, TN"
47017,"Jackson, TN"
47019,"Tri-Cities, TN-VA"
47021,"Nashville, TN"
47023,"Memphis, TN"
47025,"Knoxville, TN"
47027,"Nashville, TN"
47029,"Knoxville, TN"
47031,"Nashville, TN"
47033,"Memphis, TN"
47035,"Knoxville, TN"
47037,"Nashville, TN"
47039,"Nashville, TN"
47041,"Nashville, TN"
47043,"Nashville, TN"
47045,"Memphis, TN"
47047,"Memphis, TN"
47049,"Knoxville, TN"
47051,"Nashville, TN"
47053,"Memphis, TN"
47055,"Nashville, TN"
47057,"Knoxville, TN"
47059,"Tri-Cities, TN-VA"
47061,"Chattanooga, TN"
47063,"Knoxville, TN"
47065,"Chattanooga, TN"
47067,"Knoxville, TN"
47069,"Memphis, TN"
47071,"Jackson, TN"
47073,"Tri-Cities, TN-VA"
47075,"Memphis, TN"
47077,"Jackson, TN"
47079,"Nashville, TN"
47081,"Nashville, TN"
47083,"Nashville, TN"
47085,"Nashville, TN"
47087,"Nashville, TN"
47089,"Knoxville, TN"
47091,"Tri-Cities, TN-VA"
47093,"Knoxville, TN"
47095,"Paducah, KY-Cape Girardeau, MO-Harrisburg, IL"
47097,"Memphis, TN"
47099,"Nashville, TN"
47101,"Nashville, TN"
47103,"Huntsville-Decatur (Florence), AL"
47105,"Knoxville, TN"
47107,"Chattanooga, TN"
47109,"Memphis, TN"
47111,"Nashville, TN"
47113,"Jackson, TN"
47115,"Chattanooga, TN"
47117,"Nashville, TN"
47119,"Nashville, TN"
47121,"Chattanooga, TN"
47123,"Knoxville, TN"
47125,"Nashville, TN"
47127,"Nashville, TN"
47129,"Knoxville, TN"
47131,"Paducah, KY-Cape Girardeau, MO-Harrisburg, IL"
47133,"Nashville, TN"
47135,"Nashville, TN"
47137,"Nashville, TN"
47139,"Chattanooga, TN"
47141,"Nashville, TN"
47143,"Chattanooga, TN"
47145,"Knoxville, TN"
47147,"Nashville, TN"
47149,"Nashville, TN"
47151,"Knoxville, TN"
47153,"Chattanooga, TN"
47155,"Knoxville, TN"
47157,"Memphis, TN"
47159,"Nashville, TN"
47161,"Nashville, TN"
47163,"Tri-Cities, TN-VA"
47165,"Nashville, TN"
47167,"Memphis, TN"
47169,"Nashville, TN"
47171,"Tri-Cities, TN-VA"
47173,"Knoxville, TN"
47175,"Nashville, TN"
47177,"Nashville, TN"
47179,"Tri-Cities, TN-VA"
47181,"Huntsville-Decatur (Florence), AL"
47183,"Paducah, KY-Cape Girardeau, MO-Harrisburg, IL"
47185,"Nashville, TN"
47187,"Nashville, TN"
47189,"Nashville, TN"
48001,"Dallas-Ft. Worth, TX"
48003,"Odessa-Midland, TX"
48005,"Tyler-Longview(Lufkin & Nacogdoches), TX"
48007,"Corpus Christi, TX"
48009,"Wichita-Hutchinson, KS Plus"
48011,"Amarillo, TX"
48013,"San Antonio, TX"
48015,"Houston, TX"
48017,"Lubbock, TX"
48019,"San Antonio, TX"
48021,"Austin, TX"
48023,"Wichita-Hutchinson, KS Plus"
48025,"Corpus Christi, TX"
48027,"Waco-Temple-Bryan, TX"
48029,"San Antonio, TX"
48031,"Austin, TX"
48033,"Lubbock, TX"
48035,"Dallas-Ft. Worth, TX"
48037,"Shreveport, LA"
48039,"Houston, TX"
48041,"Waco-Temple-Bryan, TX"
48043,"Odessa-Midland, TX"
48045,"Amarillo, TX"
48047,"Corpus Christi, TX"
48049,"Abilene-Sweetwater, TX"
48051,"Waco-Temple-Bryan, TX"
48053,"Austin, TX"
48055,"Austin, TX"
48057,"Houston, TX"
48059,"Abilene-Sweetwater, TX"
48061,"Harlingen-Weslaco-Brownsville-McAllen, TX"
48063,"Shreveport, LA"
48065,"Amarillo, TX"
48067,"Shreveport, LA"
48069,"Amarillo, TX"
48071,"Houston, TX"
48073,"Tyler-Longview(Lufkin & Nacogdoches), TX"
48075,"Amarillo, TX"
48077,"Wichita-Hutchinson, KS Plus"
48079,"Lubbock, TX"
48081,"San Angelo, TX"
48083,"Abilene-Sweetwater, TX"
48085,"Dallas-Ft. Worth, TX"
48087,"Amarillo, TX"
48089,"Houston, TX"
48091,"San Antonio, TX"
48093,"Dallas-Ft. Worth, TX"
48095,"San Angelo, TX"
48097,"Dallas-Ft. Worth, TX"
48099,"Waco-Temple-Bryan, TX"
48101,"Amarillo, TX"
48103,"Odessa-Midland, TX"
48105,"San Angelo, TX"
48107,"Lubbock, TX"
48109,"El Paso, TX"
48111,"Amarillo, TX"
48113,"Dallas-Ft. Worth, TX"
48115,"Lubbock, TX"
48117,"Amarillo, TX"
48119,"Dallas-Ft. Worth, TX"
48121,"Dallas-Ft. Worth, TX"
48123,"San Antonio, TX"
48125,"Lubbock, TX"
48127,"San Antonio, TX"
48129,"Amarillo, TX"
48131,"Corpus Christi, TX"
48133,"Abilene-Sweetwater, TX"
48135,"Odessa-Midland, TX"
48137,"San Antonio, TX"
48139,"Dallas-Ft. Worth, TX"
48141,"El Paso, TX"
48143,"Dallas-Ft. Worth, TX"
48145,"Waco-Temple-Bryan, TX"
48147,"Dallas-Ft. Worth, TX"
48149,"Austin, TX"
48151,"Abilene-Sweetwater, TX"
48153,"Lubbock, TX"
48155,"Wichita-Hutchinson, KS Plus"
48157,"Houston, TX"
48159,"Tyler-Longview(Lufkin & Nacogdoches), TX"
48161,"Dallas-Ft. Worth, TX"
48163,"San Antonio, TX"
48165,"Lubbock, TX"
48167,"Houston, TX"
48169,"Lubbock, TX"
48171,"San Antonio, TX"
48173,"Odessa-Midland, TX"
48175,"San Antonio, TX"
48177,"San Antonio, TX"
48179,"Amarillo, TX"
48181,"Sherman, TX-Ada, OK"
48183,"Tyler-Longview(Lufkin & Nacogdoches), TX"
48185,"Houston, TX"
48187,"San Antonio, TX"
48189,"Lubbock, TX"
48191,"Amarillo, TX"
48193,"Dallas-Ft. Worth, TX"
48195,"Amarillo, TX"
48197,"Wichita-Hutchinson, KS Plus"
48199,"Beaumont-Port Arthur, TX"
48201,"Houston, TX"
48203,"Shreveport, LA"
48205,"Amarillo, TX"
48207,"Abilene-Sweetwater, TX"
48209,"Austin, TX"
48211,"Amarillo, TX"
48213,"Dallas-Ft. Worth, TX"
48215,"Harlingen-Weslaco-Brownsville-McAllen, TX"
48217,"Dallas-Ft. Worth, TX"
48219,"Lubbock, TX"
48221,"Dallas-Ft. Worth, TX"
48223,"Dallas-Ft. Worth, TX"
48225,"Tyler-Longview(Lufkin & Nacogdoches), TX"
48227,"Odessa-Midland, TX"
48229,"El Paso, TX"
48231,"Dallas-Ft. Worth, TX"
48233,"Amarillo, TX"
48235,"San Angelo, TX"
48237,"Dallas-Ft. Worth, TX"
48239,"Houston, TX"
48241,"Beaumont-Port Arthur, TX"
48243,"Odessa-Midland, TX"
48245,"Beaumont-Port Arthur, TX"
48247,"Corpus Christi, TX"
48249,"Corpus Christi, TX"
48251,"Dallas-Ft. Worth, TX"
48253,"Abilene-Sweetwater, TX"
48255,"San Antonio, TX"
48257,"Dallas-Ft. Worth, TX"
48259,"San Antonio, TX"
48261,"Corpus Christi, TX"
48263,"Lubbock, TX"
48265,"San Antonio, TX"
48267,"San Angelo, TX"
48269,"Wichita-Hutchinson, KS Plus"
48271,"San Antonio, TX"
48273,"Corpus Christi, TX"
48275,"Wichita-Hutchinson, KS Plus"
48277,"Dallas-Ft. Worth, TX"
48279,"Lubbock, TX"
48281,"Waco-Temple-Bryan, TX"
48283,"San Antonio, TX"
48285,"San Antonio, TX"
48287,"Austin, TX"
48289,"Waco-Temple-Bryan, TX"
48291,"Houston, TX"
48293,"Waco-Temple-Bryan, TX"
48295,"Amarillo, TX"
48297,"Corpus Christi, TX"
48299,"Austin, TX"
48301,"Odessa-Midland, TX"
48303,"Lubbock, TX"
48305,"Lubbock, TX"
48307,"San Angelo, TX"
48309,"Waco-Temple-Bryan, TX"
48311,"San Antonio, TX"
48313,"Waco-Temple-Bryan, TX"
48315,"Shreveport, LA"
48317,"Odessa-Midland, TX"
48319,"Austin, TX"
48321,"Houston, TX"
48323,"San Antonio, TX"
48325,"San Antonio, TX"
48327,"San Angelo, TX"
48329,"Odessa-Midland, TX"
48331,"Waco-Temple-Bryan, TX"
48333,"Waco-Temple-Bryan, TX"
48335,"Abilene-Sweetwater, TX"
48337,"Dallas-Ft. Worth, TX"
48339,"Houston, TX"
48341,"Amarillo, TX"
48343,"Shreveport, LA"
48345,"Lubbock, TX"
48347,"Tyler-Longview(Lufkin & Nacogdoches), TX"
48349,"Dallas-Ft. Worth, TX"
48351,"Beaumont-Port Arthur, TX"
48353,"Abilene-Sweetwater, TX"
48355,"Corpus Christi, TX"
48357,"Amarillo, TX"
48359,"Amarillo, TX"
48361,"Beaumont-Port Arthur, TX"
48363,"Dallas-Ft. Worth, TX"
48365,"Shreveport, LA"
48367,"Dallas-Ft. Worth, TX"
48369,"Amarillo, TX"
48371,"Odessa-Midland, TX"
48373,"Houston, TX"
48375,"Amarillo, TX"
48377,"Odessa-Midland, TX"
48379,"Dallas-Ft. Worth, TX"
48381,"Amarillo, TX"
48383,"Odessa-Midland, TX"
48385,"San Antonio, TX"
48387,"Shreveport, LA"
48389,"Odessa-Midland, TX"
48391,"Corpus Christi, TX"
48393,"Amarillo, TX"
48395,"Waco-Temple-Bryan, TX"
48397,"Dallas-Ft. Worth, TX"
48399,"Abilene-Sweetwater, TX"
48401,"Tyler-Longview(Lufkin & Nacogdoches), TX"
48403,"Shreveport, LA"
48405,"Tyler-Longview(Lufkin & Nacogdoches), TX"
48407,"Houston, TX"
48409,"Corpus Christi, TX"
48411,"Waco-Temple-Bryan, TX"
48413,"San Angelo, TX"
48415,"Abilene-Sweetwater, TX"
48417,"Abilene-Sweetwater, TX"
48419,"Shreveport, LA"
48421,"Amarillo, TX"
48423,"Tyler-Longview(Lufkin & Nacogdoches), TX"
48425,"Dallas-Ft. Worth, TX"
48427,"Harlingen-Weslaco-Brownsville-McAllen, TX"
48429,"Abilene-Sweetwater, TX"
48431,"San Angelo, TX"
48433,"Abilene-Sweetwater, TX"
48435,"San Angelo, TX"
48437,"Amarillo, TX"
48439,"Dallas-Ft. Worth, TX"
48441,"Abilene-Sweetwater, TX"
48443,"Odessa-Midland, TX"
48445,"Lubbock, TX"
48447,"Wichita-Hutchinson, KS Plus"
48449,"Shreveport, LA"
48451,"San Angelo, TX"
48453,"Austin, TX"
48455,"Tyler-Longview(Lufkin & Nacogdoches), TX"
48457,"Beaumont-Port Arthur, TX"
48459,"Tyler-Longview(Lufkin & Nacogdoches), TX"
48461,"Odessa-Midland, TX"
48463,"San Antonio, TX"
48465,"San Antonio, TX"
48467,"Dallas-Ft. Worth, TX"
48469,"Victoria, TX"
48471,"Houston, TX"
48473,"Houston, TX"
48475,"Odessa-Midland, TX"
48477,"Houston, TX"
48479,"Laredo, TX"
48481,"Houston, TX"
48483,"Amarillo, TX"
48485,"Wichita-Hutchinson, KS Plus"
48487,"Wichita-Hutchinson, KS Plus"
48489,"Harlingen-Weslaco-Brownsville-McAllen, TX"
48491,"Austin, TX"
48493,"San Antonio, TX"
48495,"Odessa-Midland, TX"
48497,"Dallas-Ft. Worth, TX"
48499,"Tyler-Longview(Lufkin & Nacogdoches), TX"
48501,"Lubbock, TX"
48503,"Wichita-Hutchinson, KS Plus"
48505,"Laredo, TX"
48507,"San Antonio, TX"
49001,"Salt Lake City, UT"
49003,"Salt Lake City, UT"
49005,"Salt Lake City, UT"
49007,"Salt Lake City, UT"
49009,"Salt Lake City, UT"
49011,"Salt Lake City, UT"
49013,"Salt Lake City, UT"
49015,"Salt Lake City, UT"
49017,"Salt Lake City, UT"
49019,"Salt Lake City, UT"
49021,"Salt Lake City, UT"
49023,"Salt Lake City, UT"
49025,"Salt Lake City, UT"
49027,"Salt Lake City, UT"
49029,"Salt Lake City, UT"
49031,"Salt Lake City, UT"
49033,"Salt Lake City, UT"
49035,"Salt Lake City, UT"
49037,"Salt Lake City, UT"
49039,"Salt Lake City, UT"
49041,"Salt Lake City, UT"
49043,"Salt Lake City, UT"
49045,"Salt Lake City, UT"
49047,"Salt Lake City, UT"
49049,"Salt Lake City, UT"
49051,"Salt Lake City, UT"
49053,"Salt Lake City, UT"
49055,"Salt Lake City, UT"
49057,"Salt Lake City, UT"
50001,"Burlington, VT-Plattsburgh, NY"
50003,"Albany-Schenectady-Troy, NY"
50005,"Burlington, VT-Plattsburgh, NY"
50007,"Burlington, VT-Plattsburgh, NY"
50009,"Burlington, VT-Plattsburgh, NY"
50011,"Burlington, VT-Plattsburgh, NY"
50013,"Burlington, VT-Plattsburgh, NY"
50015,"Burlington, VT-Plattsburgh, NY"
50017,"Burlington, VT-Plattsburgh, NY"
50019,"Burlington, VT-Plattsburgh, NY"
50021,"Burlington, VT-Plattsburgh, NY"
50023,"Burlington, VT-Plattsburgh, NY"
50025,"Boston, MA (Manchester, NH)"
50027,"Burlington, VT-Plattsburgh, NY"
51001,"Norfolk-Portsmouth-Newport News, VA"
51003,"Charlottesville, VA"
51005,"Roanoke-Lynchburg, VA"
51007,"Richmond-Petersburg, VA"
51009,"Roanoke-Lynchburg, VA"
51011,"Roanoke-Lynchburg, VA"
51013,"Washington, DC (Hagerstown, MD)"
51015,"Harrisonburg, VA"
51017,"Roanoke-Lynchburg, VA"
51019,"Roanoke-Lynchburg, VA"
51021,"Bluefield-Beckley-Oak Hill, WV"
51023,"Roanoke-Lynchburg, VA"
51025,"Richmond-Petersburg, VA"
51027,"Tri-Cities, TN-VA"
51029,"Richmond-Petersburg, VA"
51031,"Roanoke-Lynchburg, VA"
51033,"Richmond-Petersburg, VA"
51035,"Roanoke-Lynchburg, VA"
51036,"Richmond-Petersburg, VA"
51037,"Roanoke-Lynchburg, VA"
51041,"Richmond-Petersburg, VA"
51043,"Washington, DC (Hagerstown, MD)"
51045,"Roanoke-Lynchburg, VA"
51047,"Washington, DC (Hagerstown, MD)"
51049,"Richmond-Petersburg, VA"
51051,"Tri-Cities, TN-VA"
51053,"Richmond-Petersburg, VA"
51057,"Richmond-Petersburg, VA"
51059,"Washington, DC (Hagerstown, MD)"
51061,"Washington, DC (Hagerstown, MD)"
51063,"Roanoke-Lynchburg, VA"
51065,"Richmond-Petersburg, VA"
51067,"Roanoke-Lynchburg, VA"
51069,"Washington, DC (Hagerstown, MD)"
51071,"Roanoke-Lynchburg, VA"
51073,"Norfolk-Portsmouth-Newport News, VA"
51075,"Richmond-Petersburg, VA"
51077,"Greensboro-High Point-Winston Salem, NC"
51079,"Charlottesville, VA"
51081,"Richmond-Petersburg, VA"
51083,"Roanoke-Lynchburg, VA"
51085,"Richmond-Petersburg, VA"
51087,"Richmond-Petersburg, VA"
51089,"Roanoke-Lynchburg, VA"
51091,"Roanoke-Lynchburg, VA"
51093,"Norfolk-Portsmouth-Newport News, VA"
51095,"Norfolk-Portsmouth-Newport News, VA"
51097,"Richmond-Petersburg, VA"
51099,"Washington, DC (Hagerstown, MD)"
51101,"Richmond-Petersburg, VA"
51103,"Richmond-Petersburg, VA"
51105,"Tri-Cities, TN-VA"
51107,"Washington, DC (Hagerstown, MD)"
51109,"Richmond-Petersburg, VA"
51111,"Richmond-Petersburg, VA"
51113,"Charlottesville, VA"
51115,"Norfolk-Portsmouth-Newport News, VA"
51117,"Raleigh-Durham (Fayetteville), NC"
51119,"Richmond-Petersburg, VA"
51121,"Roanoke-Lynchburg, VA"
51125,"Roanoke-Lynchburg, VA"
51127,"Richmond-Petersburg, VA"
51131,"Norfolk-Portsmouth-Newport News, VA"
51133,"Richmond-Petersburg, VA"
51135,"Richmond-Petersburg, VA"
51137,"Richmond-Petersburg, VA"
51139,"Washington, DC (Hagerstown, MD)"
51141,"Greensboro-High Point-Winston Salem, NC"
51143,"Roanoke-Lynchburg, VA"
51145,"Richmond-Petersburg, VA"
51147,"Richmond-Petersburg, VA"
51149,"Richmond-Petersburg, VA"
51153,"Washington, DC (Hagerstown, MD)"
51155,"Roanoke-Lynchburg, VA"
51157,"Washington, DC (Hagerstown, MD)"
51159,"Richmond-Petersburg, VA"
51161,"Roanoke-Lynchburg, VA"
51163,"Roanoke-Lynchburg, VA"
51165,"Harrisonburg, VA"
51167,"Tri-Cities, TN-VA"
51169,"Tri-Cities, TN-VA"
51171,"Washington, DC (Hagerstown, MD)"
51173,"Tri-Cities, TN-VA"
51175,"Norfolk-Portsmouth-Newport News, VA"
51177,"Washington, DC (Hagerstown, MD)"
51179,"Washington, DC (Hagerstown, MD)"
51181,"Norfolk-Portsmouth-Newport News, VA"
51183,"Richmond-Petersburg, VA"
51185,"Bluefield-Beckley-Oak Hill, WV"
51187,"Washington, DC (Hagerstown, MD)"
51191,"Tri-Cities, TN-VA"
51193,"Washington, DC (Hagerstown, MD)"
51195,"Tri-Cities, TN-VA"
51197,"Roanoke-Lynchburg, VA"
51199,"Norfolk-Portsmouth-Newport News, VA"
51510,"Washington, DC (Hagerstown, MD)"
51520,"Tri-Cities, TN-VA"
51530,"Roanoke-Lynchburg, VA"
51540,"Charlottesville, VA"
51550,"Norfolk-Portsmouth-Newport News, VA"
51570,"Richmond-Petersburg, VA"
51580,"Roanoke-Lynchburg, VA"
51590,"Roanoke-Lynchburg, VA"
51595,"Richmond-Petersburg, VA"
51600,"Washington, DC (Hagerstown, MD)"
51610,"Washington, DC (Hagerstown, MD)"
51620,"Norfolk-Portsmouth-Newport News, VA"
51630,"Washington, DC (Hagerstown, MD)"
51640,"Roanoke-Lynchburg, VA"
51650,"Norfolk-Portsmouth-Newport News, VA"
51660,"Harrisonburg, VA"
51670,"Richmond-Petersburg, VA"
51678,"Roanoke-Lynchburg, VA"
51680,"Roanoke-Lynchburg, VA"
51683,"Washington, DC (Hagerstown, MD)"
51685,"Washington, DC (Hagerstown, MD)"
51690,"Roanoke-Lynchburg, VA"
51700,"Norfolk-Portsmouth-Newport News, VA"
51710,"Norfolk-Portsmouth-Newport News, VA"
51720,"Tri-Cities, TN-VA"
51730,"Richmond-Petersburg, VA"
51735,"Norfolk-Portsmouth-Newport News, VA"
51740,"Norfolk-Portsmouth-Newport News, VA"
51750,"Roanoke-Lynchburg, VA"
51760,"Richmond-Petersburg, VA"
51770,"Roanoke-Lynchburg, VA"
51775,"Roanoke-Lynchburg, VA"
51790,"Richmond-Petersburg, VA"
51800,"Norfolk-Portsmouth-Newport News, VA"
51810,"Norfolk-Portsmouth-Newport News, VA"
51820,"Richmond-Petersburg, VA"
51830,"Norfolk-Portsmouth-Newport News, VA"
51840,"Washington, DC (Hagerstown, MD)"
53001,"Spokane, WA"
53003,"Spokane, WA"
53005,"Yakima-Pasco-Richland-Kennewick, WA"
53007,"Seattle-Tacoma, WA"
53009,"Seattle-Tacoma, WA"
53011,"Portland, OR"
53013,"Spokane, WA"
53015,"Portland, OR"
53017,"Seattle-Tacoma, WA"
53019,"Spokane, WA"
53021,"Yakima-Pasco-Richland-Kennewick, WA"
53023,"Spokane, WA"
53025,"Spokane, WA"
53027,"Seattle-Tacoma, WA"
53029,"Seattle-Tacoma, WA"
53031,"Seattle-Tacoma, WA"
53033,"Seattle-Tacoma, WA"
53035,"Seattle-Tacoma, WA"
53037,"Yakima-Pasco-Richland-Kennewick, WA"
53039,"Portland, OR"
53041,"Seattle-Tacoma, WA"
53043,"Spokane, WA"
53045,"Seattle-Tacoma, WA"
53047,"Spokane, WA"
53049,"Seattle-Tacoma, WA"
53051,"Spokane, WA"
53053,"Seattle-Tacoma, WA"
53055,"Seattle-Tacoma, WA"
53057,"Seattle-Tacoma, WA"
53059,"Portland, OR"
53061,"Seattle-Tacoma, WA"
53063,"Spokane, WA"
53065,"Spokane, WA"
53067,"Seattle-Tacoma, WA"
53069,"Portland, OR"
53071,"Yakima-Pasco-Richland-Kennewick, WA"
53073,"Seattle-Tacoma, WA"
53075,"Spokane, WA"
53077,"Yakima-Pasco-Richland-Kennewick, WA"
54001,"Clarksburg-Weston, WV"
54003,"Washington, DC (Hagerstown, MD)"
54005,"Charleston-Huntington, WV"
54007,"Charleston-Huntington, WV"
54009,"Wheeling, WV-Steubenville, OH"
54011,"Charleston-Huntington, WV"
54013,"Charleston-Huntington, WV"
54015,"Charleston-Huntington, WV"
54017,"Clarksburg-Weston, WV"
54019,"Bluefield-Beckley-Oak Hill, WV"
54021,"Clarksburg-Weston, WV"
54023,"Washington, DC (Hagerstown, MD)"
54025,"Bluefield-Beckley-Oak Hill, WV"
54027,"Washington, DC (Hagerstown, MD)"
54029,"Wheeling, WV-Steubenville, OH"
54031,"Washington, DC (Hagerstown, MD)"
54033,"Clarksburg-Weston, WV"
54035,"Charleston-Huntington, WV"
54037,"Washington, DC (Hagerstown, MD)"
54039,"Charleston-Huntington, WV"
54041,"Clarksburg-Weston, WV"
54043,"Charleston-Huntington, WV"
54045,"Charleston-Huntington, WV"
54047,"Bluefield-Beckley-Oak Hill, WV"
54049,"Clarksburg-Weston, WV"
54051,"Wheeling, WV-Steubenville, OH"
54053,"Charleston-Huntington, WV"
54055,"Bluefield-Beckley-Oak Hill, WV"
54057,"Washington, DC (Hagerstown, MD)"
54059,"Charleston-Huntington, WV"
54061,"Pittsburgh, PA"
54063,"Bluefield-Beckley-Oak Hill, WV"
54065,"Washington, DC (Hagerstown, MD)"
54067,"Charleston-Huntington, WV"
54069,"Wheeling, WV-Steubenville, OH"
54071,"Harrisonburg, VA"
54073,"Parkersburg, WV"
54075,"Roanoke-Lynchburg, VA"
54077,"Pittsburgh, PA"
54079,"Charleston-Huntington, WV"
54081,"Bluefield-Beckley-Oak Hill, WV"
54083,"Clarksburg-Weston, WV"
54085,"Clarksburg-Weston, WV"
54087,"Charleston-Huntington, WV"
54089,"Bluefield-Beckley-Oak Hill, WV"
54091,"Clarksburg-Weston, WV"
54093,"Clarksburg-Weston, WV"
54095,"Wheeling, WV-Steubenville, OH"
54097,"Clarksburg-Weston, WV"
54099,"Charleston-Huntington, WV"
54101,"Clarksburg-Weston, WV"
54103,"Wheeling, WV-Steubenville, OH"
54105,"Charleston-Huntington, WV"
54107,"Parkersburg, WV"
54109,"Bluefield-Beckley-Oak Hill, WV"
55001,"Wausau-Rhinelander, WI"
55003,"Duluth, MN-Superior, WI"
55005,"Minneapolis-St. Paul, MN"
55007,"Duluth, MN-Superior, WI"
55009,"Green Bay-Appleton, WI"
55011,"La Crosse-Eau Claire, WI"
55013,"Minneapolis-St. Paul, MN"
55015,"Green Bay-Appleton, WI"
55017,"La Crosse-Eau Claire, WI"
55019,"La Crosse-Eau Claire, WI"
55021,"Madison, WI"
55023,"La Crosse-Eau Claire, WI"
55025,"Madison, WI"
55027,"Milwaukee, WI"
55029,"Green Bay-Appleton, WI"
55031,"Duluth, MN-Superior, WI"
55033,"Minneapolis-St. Paul, MN"
55035,"La Crosse-Eau Claire, WI"
55037,"Marquette, MI"
55039,"Green Bay-Appleton, WI"
55041,"Wausau-Rhinelander, WI"
55043,"Madison, WI"
55045,"Madison, WI"
55047,"Green Bay-Appleton, WI"
55049,"Madison, WI"
55051,"Duluth, MN-Superior, WI"
55053,"La Crosse-Eau Claire, WI"
55055,"Milwaukee, WI"
55057,"Madison, WI"
55059,"Milwaukee, WI"
55061,"Green Bay-Appleton, WI"
55063,"La Crosse-Eau Claire, WI"
55065,"Madison, WI"
55067,"Wausau-Rhinelander, WI"
55069,"Wausau-Rhinelander, WI"
55071,"Green Bay-Appleton, WI"
55073,"Wausau-Rhinelander, WI"
55075,"Green Bay-Appleton, WI"
55077,"Madison, WI"
55078,"Green Bay-Appleton, WI"
55079,"Milwaukee, WI"
55081,"La Crosse-Eau Claire, WI"
55083,"Green Bay-Appleton, WI"
55085,"Wausau-Rhinelander, WI"
55087,"Green Bay-Appleton, WI"
55089,"Milwaukee, WI"
55091,"Minneapolis-St. Paul, MN"
55093,"Minneapolis-St. Paul, MN"
55095,"Minneapolis-St. Paul, MN"
55097,"Wausau-Rhinelander, WI"
55099,"Wausau-Rhinelander, WI"
55101,"Milwaukee, WI"
55103,"Madison, WI"
55105,"Madison, WI"
55107,"La Crosse-Eau Claire, WI"
55109,"Minneapolis-St. Paul, MN"
55111,"Madison, WI"
55113,"Duluth, MN-Superior, WI"
55115,"Green Bay-Appleton, WI"
55117,"Milwaukee, WI"
55119,"Wausau-Rhinelander, WI"
55121,"La Crosse-Eau Claire, WI"
55123,"La Crosse-Eau Claire, WI"
55125,"Wausau-Rhinelander, WI"
55127,"Milwaukee, WI"
55129,"Duluth, MN-Superior, WI"
55131,"Milwaukee, WI"
55133,"Milwaukee, WI"
55135,"Green Bay-Appleton, WI"
55137,"Green Bay-Appleton, WI"
55139,"Green Bay-Appleton, WI"
55141,"Wausau-Rhinelander, WI"
56001,"Denver, CO"
56003,"Billings, MT"
56005,"Denver, CO"
56007,"Denver, CO"
56009,"Casper-Riverton, WY"
56011,"Rapid City, SD"
56013,"Casper-Riverton, WY"
56015,"Cheyenne, WY-Scottsbluff, NE"
56017,"Casper-Riverton, WY"
56019,"Casper-Riverton, WY"
56021,"Cheyenne, WY-Scottsbluff, NE"
56023,"Idaho Falls-Pocatello, ID"
56025,"Casper-Riverton, WY"
56027,"Denver, CO"
56029,"Billings, MT"
56031,"Denver, CO"
56033,"Rapid City, SD"
56035,"Salt Lake City, UT"
56037,"Salt Lake City, UT"
56039,"Idaho Falls-Pocatello, ID"
56041,"Salt Lake City, UT"
56043,"Casper-Riverton, WY"
56045,"Rapid City, SD"
02013,"Anchorage, AK"
02016,"Anchorage, AK"
02020,"Anchorage, AK"
02050,"Anchorage, AK"
02060,"Anchorage, AK"
02068,"Fairbanks, AK"
02070,"Anchorage, AK"
02090,"Fairbanks, AK"
02100,"Juneau, AK"
02105,"Juneau, AK"
02110,"Juneau, AK"
02122,"Anchorage, AK"
02130,"Juneau, AK"
02150,"Anchorage, AK"
02164,"Anchorage, AK"
02170,"Anchorage, AK"
02180,"Anchorage, AK"
02185,"Anchorage, AK"
02188,"Anchorage, AK"
02195,"Juneau, AK"
02198,"Juneau, AK"
02220,"Juneau, AK"
02230,"Juneau, AK"
02240,"Fairbanks, AK"
02261,"Anchorage, AK"
02275,"Juneau, AK"
02282,"Juneau, AK"
02290,"Fairbanks, AK"
